Pressure,Temperature,Salinity,Oxygen,Transmissometer,Biospherical PAR,Fluorometer ,Wetlabs OBS
11,9.427,34.642,280.79,98.67,,0.272892875,0
12,9.426,34.641,280.86,98.67,,0.291923609,0
13,9.426,34.642,280.75,98.67,,0.286438558,0
14,9.427,34.642,280.75,98.67,,0.281218902,0
15,9.427,34.642,280.75,98.66,,0.276388278,0
16,9.427,34.642,280.71,98.66,159.29,0.281105897,0
17,9.426,34.641,280.87,98.67,159.09,0.282825685,0
18,9.426,34.641,281.02,98.67,158.92,0.285346218,0
19,9.426,34.641,281.16,98.67,158.75,0.287866751,0
20,9.426,34.641,281.31,98.68,158.58,0.290387284,0
21,9.426,34.641,281.45,98.68,156.72,0.294482711,0
22,9.426,34.641,281.42,98.68,149.62,0.300813714,0
23,9.426,34.641,281.43,98.67,140.58,0.308882393,0
24,9.427,34.641,281.48,98.67,131.99,0.316766875,0
25,9.427,34.641,281.53,98.67,123.4,0.324651357,0
26,9.428,34.641,281.58,98.67,114.82,0.332535839,0
27,9.428,34.641,281.63,98.67,106.23,0.340420322,0
28,9.429,34.642,281.68,98.67,97.64,0.348137361,0
29,9.429,34.642,281.75,98.67,88.43,0.352432103,0
30,9.429,34.642,281.73,98.67,80.93,0.358222045,0
31,9.429,34.642,281.7,98.67,75.97,0.361474851,0
32,9.429,34.642,281.67,98.66,70.95,0.364725745,0
33,9.429,34.642,281.63,98.66,66.23,0.368572695,0
34,9.429,34.642,281.45,98.67,55.72,0.371258877,0
35,9.429,34.642,281.48,98.67,51.33,0.374476022,0
36,9.43,34.642,281.55,98.67,49.25,0.378848861,0
37,9.431,34.642,281.63,98.66,47.17,0.3832217,0
38,9.431,34.642,281.72,98.66,45.11,0.386652678,0
39,9.432,34.642,281.74,98.66,43.12,0.396211707,0
40,9.432,34.642,281.73,98.66,42.28,0.4005,0
41,9.43,34.642,281.68,98.68,41.48,0.407631077,0
42,9.431,34.642,281.47,98.66,38.54,0.420019733,0
43,9.432,34.642,281.5,98.66,37.57,0.421214696,0
44,9.433,34.642,281.52,98.67,36.63,0.422036269,0
45,9.434,34.643,281.55,98.67,35.69,0.422857841,0
46,9.435,34.643,281.58,98.67,34.75,0.423679414,0
47,9.436,34.643,281.61,98.67,33.81,0.424500986,0
48,9.437,34.643,281.63,98.67,32.88,0.425322558,0
49,9.438,34.643,281.66,98.67,31.94,0.426144131,0
50,9.439,34.644,281.69,98.67,31,0.426965703,0
51,9.44,34.644,281.71,98.67,30.06,0.427787276,0
52,9.44,34.644,281.74,98.67,29.1,0.431291413,0
53,9.442,34.644,281.75,98.67,28.22,0.444499999,0
54,9.446,34.645,281.58,98.69,26.81,0.444520392,0
55,9.447,34.645,281.63,98.69,26,0.444410224,0
56,9.448,34.645,281.65,98.7,25.15,0.44412565,0
57,9.449,34.645,281.67,98.71,24.3,0.443841076,0
58,9.45,34.646,281.7,98.72,23.42,0.444161501,0
59,9.45,34.646,281.75,98.73,22.6,0.444020136,0
60,9.45,34.646,281.49,98.74,21.85,0.437099993,0
61,9.45,34.646,281.36,98.71,20.29,0.442807161,0
62,9.448,34.646,281.42,98.71,18.54,0.441504914,0
63,9.449,34.646,281.38,98.71,17.5,0.438076813,0
64,9.45,34.646,281.42,98.71,17.06,0.439634472,0
65,9.452,34.646,281.46,98.71,16.57,0.440906246,0
66,9.453,34.647,281.49,98.71,16.08,0.44217802,0
67,9.454,34.647,281.55,98.71,15.61,0.443565081,0
68,9.458,34.648,281.5,98.71,15.05,0.444499999,0
69,9.46,34.648,281.53,98.72,14.36,0.441607943,0
70,9.462,34.648,281.62,98.74,13.77,0.429800004,0
71,9.456,34.647,281.59,98.74,13.27,0.432691787,0
72,9.452,34.646,281.5,98.74,12.69,0.435651905,0
73,9.452,34.646,281.55,98.74,12.14,0.434778988,0
74,9.452,34.646,281.63,98.73,11.68,0.435244473,0
75,9.452,34.646,281.72,98.73,11.21,0.435709959,0
76,9.452,34.646,281.8,98.72,10.75,0.436175444,0
77,9.453,34.646,281.9,98.72,10.28,0.436663087,0
78,9.453,34.646,281.94,98.71,9.85,0.437099993,0
79,9.453,34.646,281.94,98.74,9.58,0.429487747,0
80,9.454,34.647,281.93,98.74,9.29,0.421226451,0
81,9.454,34.647,281.76,98.75,8.96,0.421876648,0
82,9.454,34.647,281.61,98.75,8.65,0.422016486,0
83,9.453,34.646,281.58,98.76,8.34,0.409377958,0
84,9.452,34.646,281.53,98.75,8.07,0.407799989,0
85,9.437,34.643,281.47,98.76,7.89,0.419514247,0
86,9.436,34.643,281.37,98.73,7.72,0.419014491,0
87,9.436,34.643,281.53,98.73,7.36,0.422184551,0
88,9.435,34.642,281.65,98.73,7.02,0.423558226,0
89,9.435,34.642,281.78,98.73,6.68,0.424931901,0
90,9.434,34.642,281.9,98.72,6.35,0.426305576,0
91,9.434,34.642,282.02,98.72,6.01,0.427679251,0
92,9.435,34.642,282.15,98.71,5.67,0.429149828,0
93,9.431,34.642,282.26,98.72,5.39,0.429800004,0
94,9.43,34.641,282.29,98.72,5.27,0.4183494,0
95,9.428,34.641,282.28,98.71,5.16,0.415199995,0
96,9.428,34.641,282.11,98.71,5.09,0.429800004,0
97,9.427,34.641,281.93,98.71,5.03,0.425681809,0
98,9.429,34.642,281.75,98.72,4.97,0.407314096,0
99,9.434,34.642,281.66,98.71,4.83,0.407799989,0
100,9.432,34.642,281.63,98.72,4.59,0.410024977,0
101,9.434,34.642,281.6,98.72,4.39,0.414092185,0
102,9.435,34.642,281.56,98.72,4.18,0.417913291,0
103,9.436,34.642,281.53,98.72,3.97,0.421734397,0
104,9.438,34.643,281.5,98.72,3.75,0.425623338,0
105,9.44,34.643,281.43,98.72,3.55,0.429800004,0
106,9.433,34.642,281.54,98.73,3.39,0.421289273,0
107,9.432,34.641,281.57,98.73,3.22,0.415199995,0
108,9.429,34.641,281.63,98.73,3.1,0.407376594,0
109,9.433,34.642,281.4,98.74,3.03,0.41114333,0
110,9.437,34.642,281.36,98.74,2.93,0.410860816,0
111,9.441,34.644,281.41,98.74,2.81,0.406626885,0
112,9.446,34.645,281.44,98.74,2.69,0.402749342,0
113,9.45,34.646,281.48,98.74,2.57,0.3988718,0
114,9.453,34.646,281.51,98.74,2.45,0.39499072,0
115,9.467,34.649,281.55,98.74,2.32,0.392733545,0
116,9.467,34.648,281.54,98.76,2.2,0.39320001,0
117,9.468,34.649,281.41,98.79,2.14,0.3935626,0
118,9.469,34.649,281.38,98.79,2.09,0.394857593,0
119,9.468,34.649,281.3,98.8,2.02,0.4005,0
120,9.468,34.648,281.11,98.82,1.96,0.379363006,0
121,9.466,34.649,280.91,98.81,1.89,0.369577675,0
122,9.466,34.648,280.93,98.81,1.84,0.384309499,0
123,9.462,34.647,280.84,98.81,1.79,0.385471652,0
124,9.463,34.648,280.77,98.8,1.73,0.386310061,0
125,9.46,34.647,280.78,98.79,1.64,0.387580107,0
126,9.458,34.647,280.78,98.79,1.56,0.38883603,0
127,9.456,34.646,280.77,98.78,1.48,0.390091953,0
128,9.454,34.646,280.77,98.78,1.4,0.391347875,0
129,9.451,34.645,280.76,98.77,1.31,0.392782744,0
130,9.45,34.645,280.8,98.77,1.25,0.39320001,0
131,9.448,34.644,280.79,98.78,1.22,0.397152832,0
132,9.447,34.644,280.82,98.77,1.19,0.399891168,0
133,9.446,34.644,280.9,98.77,1.15,0.3957177,0
134,9.447,34.644,280.89,98.77,1.1,0.398282245,0
135,9.448,34.644,280.89,98.77,1.06,0.399891773,0
136,9.448,34.644,280.89,98.76,1.01,0.4015013,0
137,9.449,34.644,280.89,98.76,0.97,0.403110828,0
138,9.449,34.645,280.9,98.76,0.92,0.404310892,0
139,9.45,34.645,280.88,98.75,0.88,0.407372684,0
140,9.449,34.644,280.83,98.76,0.85,0.411377751,0
141,9.449,34.644,280.98,98.77,0.83,0.408512219,0
142,9.449,34.644,281.12,98.77,0.81,0.404755349,0
143,9.449,34.644,281.27,98.77,0.79,0.400644818,0
144,9.45,34.645,281.21,98.77,0.77,0.41450658,0
145,9.45,34.644,281.26,98.76,0.75,0.427007299,0
146,9.453,34.645,281.34,98.77,0.73,0.416080829,0
147,9.454,34.645,281.34,98.76,0.72,0.396821037,0
148,9.455,34.645,281.25,98.77,0.7,0.398889779,0
149,9.454,34.645,281.16,98.77,0.66,0.398685471,0
150,9.454,34.645,281.06,98.77,0.62,0.3970458,0
151,9.454,34.645,280.95,98.77,0.58,0.394932477,0
152,9.449,34.644,280.85,98.77,0.54,0.392710094,0
153,9.447,34.644,280.9,98.78,0.5,0.40696396,0
154,9.454,34.645,280.93,98.77,0.48,0.408551375,0
155,9.455,34.645,281.03,98.77,0.45,0.409369265,0
156,9.458,34.646,281.12,98.77,0.43,0.410404475,0
157,9.461,34.646,281.24,98.77,0.41,0.411250758,0
158,9.459,34.646,281.16,98.78,0.4,0.41472125,0
159,9.459,34.646,281.02,98.78,0.38,0.393663097,0
160,9.457,34.645,281.07,98.78,0.36,0.398942039,0
161,9.454,34.645,281.12,98.77,0.35,0.405306064,0
162,9.451,34.644,281.18,98.77,0.34,0.411670088,0
163,9.448,34.644,281.23,98.76,0.32,0.418034112,0
164,9.444,34.643,281.32,98.76,0.31,0.424837345,0
165,9.443,34.643,281.24,98.74,0.3,0.42535372,0
166,9.446,34.643,281.17,98.74,0.29,0.394351044,0
167,9.449,34.643,281.12,98.74,0.28,0.4005,0
168,9.447,34.643,281.08,98.74,0.27,0.411627502,0
169,9.439,34.642,281.14,98.74,0.27,0.411641435,0
170,9.443,34.643,281.02,98.74,0.26,0.405902006,0
171,9.456,34.645,280.96,98.73,0.25,0.402466889,0
172,9.468,34.647,280.89,98.73,0.23,0.399124565,0
173,9.48,34.65,280.81,98.73,0.22,0.39578224,0
174,9.492,34.652,280.74,98.72,0.2,0.392439916,0
175,9.505,34.654,280.63,98.71,0.19,0.389038863,0
176,9.508,34.655,280.62,98.75,0.18,0.398650693,0
177,9.513,34.656,280.58,98.77,0.18,0.39210526,0
178,9.514,34.657,280.51,98.85,0.17,0.390325959,0
179,9.517,34.657,280.47,98.84,0.17,0.388236784,0
180,9.52,34.658,280.43,98.85,0.16,0.386388814,0
181,9.523,34.659,280.39,98.86,0.16,0.384540844,0
182,9.526,34.659,280.35,98.87,0.15,0.382692874,0
183,9.529,34.66,280.31,98.88,0.15,0.380844904,0
184,9.532,34.661,280.26,98.89,0.14,0.378774652,0
185,9.532,34.66,280.26,98.89,0.14,0.382156458,0
186,9.532,34.661,280.1,98.88,0.13,0.384926553,0
187,9.532,34.661,279.81,98.89,0.13,0.371199995,0
188,9.535,34.661,279.66,98.9,0.13,0.36811857,0
189,9.529,34.66,279.64,98.91,0.12,0.356599987,0
190,9.525,34.659,279.58,98.9,0.12,0.356013093,0
191,9.516,34.657,279.54,98.89,0.12,0.356599987,0
192,9.516,34.657,279.53,98.89,0.11,0.356599987,0
193,9.519,34.658,279.52,98.88,0.11,0.357753119,0
194,9.52,34.658,279.58,98.89,0.1,0.360613025,0
195,9.52,34.658,279.62,98.88,0.1,0.363102795,0
196,9.521,34.658,279.67,98.88,0.1,0.365592565,0
197,9.522,34.659,279.71,98.88,0.09,0.368082334,0
198,9.523,34.659,279.76,98.88,0.09,0.371171992,0
199,9.524,34.659,279.8,98.88,0.09,0.378015231,0
200,9.524,34.659,279.81,98.87,0.08,0.356599987,0
201,9.522,34.659,279.68,98.87,0.08,0.360463353,0
202,9.522,34.659,279.68,98.87,0.07,0.360957182,0
203,9.522,34.659,279.66,98.86,0.07,0.361483288,0
204,9.522,34.658,279.65,98.86,0.06,0.362009395,0
205,9.522,34.658,279.63,98.86,0.06,0.362535501,0
206,9.522,34.658,279.61,98.85,0.05,0.363061607,0
207,9.523,34.659,279.58,98.85,0.05,0.363586804,0
208,9.521,34.658,279.57,98.85,0.04,0.36446045,0
209,9.517,34.657,279.62,98.87,0.04,0.369593083,0
210,9.518,34.658,279.57,98.87,0.04,0.371199995,0
211,9.517,34.657,279.4,98.87,0.04,0.366620657,0
212,9.512,34.656,279.46,98.86,0.04,0.3665633,0
213,9.506,34.655,279.53,98.86,0.04,0.367201386,0
214,9.5,34.654,279.61,98.86,0.04,0.367839473,0
215,9.494,34.653,279.68,98.86,0.04,0.368477559,0
216,9.488,34.652,279.78,98.86,0.04,0.365816501,0
217,9.485,34.651,279.84,98.85,0.04,0.373657829,0
218,9.485,34.651,279.99,98.85,0.04,0.373118028,0
219,9.485,34.651,280.11,98.84,0.03,0.375549177,0
220,9.485,34.651,280.24,98.83,0.03,0.378070677,0
221,9.488,34.652,280.25,98.83,0.03,0.372058048,0
222,9.483,34.649,280.3,98.84,0.03,0.385467939,0
223,9.474,34.649,280.43,98.84,0.03,0.402887686,0
224,9.466,34.647,280.5,98.84,0.03,0.398643145,0
225,9.456,34.645,280.57,98.83,0.03,0.397584866,0
226,9.446,34.643,280.65,98.83,0.03,0.396526587,0
227,9.439,34.642,280.72,98.82,0.02,0.394608227,0
228,9.418,34.638,280.86,98.81,0.02,0.395495624,0
229,9.413,34.635,280.84,98.8,0.02,0.4005,0
230,9.4,34.635,280.83,98.79,0.02,0.393753591,0
231,9.428,34.639,280.65,98.79,0.02,0.380271785,0
232,9.377,34.627,281,98.77,0.02,0.407511163,0
233,9.386,34.631,280.81,98.79,0.02,0.400882254,0
234,9.396,34.633,280.91,98.78,0.02,0.412850313,0
235,9.398,34.633,280.91,98.78,0.01,0.416400295,0
236,9.4,34.633,280.88,98.78,0.01,0.418625093,0
237,9.403,34.633,280.85,98.78,0.01,0.424858141,0
238,9.385,34.629,280.92,98.77,0.01,0.431194848,0
239,9.371,34.627,281.06,98.77,0.01,0.419748378,0
240,9.388,34.632,280.87,98.77,0,0.407799989,0
241,9.411,34.635,280.75,98.76,0.01,0.425340908,0
242,9.373,34.627,281.05,98.76,0,0.431413345,0
243,9.317,34.614,281.46,98.76,0,0.434801218,0
244,9.278,34.609,281.64,98.75,0,0.429800004,0
245,9.278,34.609,281.54,98.76,0,0.41629395,0
246,9.277,34.608,281.32,98.72,0,0.418642707,0
247,9.276,34.608,281.27,98.69,0,0.429800004,0
248,9.276,34.608,281.19,98.69,0,0.434420972,0
249,9.276,34.608,281.14,98.69,0,0.433833051,0
250,9.276,34.608,281.08,98.69,0,0.433309651,0
251,9.275,34.608,281.03,98.69,0,0.432786251,0
252,9.275,34.608,280.98,98.69,0,0.429894647,0
253,9.275,34.608,280.91,98.69,0,0.43726127,0
254,9.275,34.608,280.99,98.69,0,0.436535534,0
255,9.277,34.608,281.19,98.69,0,0.440319835,0
256,9.279,34.608,281.35,98.69,0,0.443569334,0
257,9.281,34.608,281.55,98.69,0,0.448249045,0
258,9.283,34.608,281.7,98.69,0,0.451618269,0
259,9.285,34.609,281.45,98.71,0,0.436674439,0
260,9.313,34.616,281.11,98.72,0,0.440790986,0
261,9.337,34.621,281.05,98.75,0,0.437514988,0
262,9.361,34.627,280.95,98.78,0,0.435303074,0
263,9.386,34.633,280.85,98.81,0,0.433091159,0
264,9.41,34.639,280.76,98.84,0,0.430567925,0
265,9.428,34.643,279.94,98.87,0,0.394479213,0
266,9.444,34.648,279.05,98.91,0,0.355518562,0
267,9.458,34.652,278.18,98.94,0,0.320500281,0
268,9.467,34.655,277.41,98.99,0,0.322456612,0
269,9.476,34.657,276.68,99.06,0,0.331489038,0
270,9.476,34.657,275.66,99.09,0,0.324876295,0
271,9.478,34.658,274.5,99.1,0,0.310313782,0
272,9.495,34.662,273.82,99.09,0,0.305299997,0
273,9.502,34.665,273.43,99.09,0,0.302509332,0
274,9.512,34.667,273.08,99.12,0,0.294259979,0
275,9.522,34.669,272.73,99.14,0,0.286534916,0
276,9.531,34.671,272.38,99.16,0,0.278809853,0
277,9.541,34.673,272.02,99.19,0,0.271084791,0
278,9.548,34.675,271.72,99.21,0,0.264629872,0
279,9.563,34.679,271.22,99.22,0,0.252287608,0
280,9.563,34.679,270.86,99.24,0,0.252901514,0
281,9.556,34.677,270.65,99.28,0,0.254000008,0
282,9.558,34.678,270.48,99.29,0,0.255979146,0
283,9.562,34.681,270.36,99.29,0,0.258173313,0
284,9.565,34.683,270.24,99.3,0,0.260246547,0
285,9.569,34.685,270.11,99.3,0,0.262319781,0
286,9.575,34.688,270,99.3,0,0.269855685,0
287,9.559,34.687,269.81,99.36,0,0.248992289,0
288,9.526,34.686,269.01,99.41,0,0.218603204,0
289,9.508,34.685,267.31,99.43,0,0.196609074,0
290,9.474,34.682,266.85,99.44,0,0.194511251,0
291,9.439,34.678,266.57,99.45,0,0.192651676,0
292,9.405,34.674,266.29,99.46,0,0.1907921,0
293,9.37,34.669,266.03,99.47,0,0.188622999,0
294,9.336,34.665,265.83,99.53,0,0.164901308,0
295,9.326,34.663,265.04,99.62,0,0.114243188,0
296,9.324,34.662,263.79,99.63,0,0.107411786,0
297,9.323,34.662,262.56,99.63,0,0.096590592,0
298,9.32,34.663,262.19,99.63,0,0.095716898,0
299,9.318,34.663,261.69,99.63,0,0.093589984,0
300,9.315,34.663,261.19,99.64,0,0.091463069,0
301,9.313,34.663,260.7,99.64,0,0.089336155,0
302,9.31,34.663,260.2,99.65,0,0.087209241,0
303,9.307,34.663,259.68,99.64,0,0.085505399,0
304,9.306,34.663,259.26,99.66,0,0.082635569,0
305,9.308,34.664,258.92,99.67,0,0.070799999,0
306,9.308,34.665,258.54,99.68,0,0.070799999,0
307,9.303,34.664,258.39,99.68,0,0.070799999,0
308,9.297,34.664,258.3,99.68,0,0.070116557,0
309,9.296,34.663,258.01,99.69,0,0.070799999,0
310,9.293,34.663,257.93,99.69,0,0.070799999,0
311,9.289,34.663,257.95,99.69,0,0.070799999,0
312,9.285,34.663,257.95,99.69,0,0.070799999,0
313,9.282,34.662,257.95,99.69,0,0.070799999,0
314,9.278,34.662,257.95,99.7,0,0.070799999,0
315,9.274,34.662,258,99.7,0,0.070799999,0
316,9.273,34.662,257.83,99.71,0,0.070799999,0
317,9.271,34.661,257.66,99.71,0,0.070423364,0
318,9.266,34.661,257.7,99.71,0,0.06861525,0
319,9.261,34.66,257.7,99.71,0,0.067234109,0
320,9.255,34.659,257.73,99.71,0,0.064475794,0
321,9.25,34.659,257.67,99.72,0,0.063979375,0
322,9.247,34.658,257.66,99.71,0,0.070799999,0
323,9.246,34.658,257.68,99.71,0,0.070777405,0
324,9.243,34.658,257.8,99.7,0,0.070212453,0
325,9.24,34.658,257.91,99.7,0,0.069742567,0
326,9.237,34.657,258.02,99.7,0,0.06927268,0
327,9.234,34.657,258.13,99.7,0,0.068802794,0
328,9.231,34.657,258.26,99.7,0,0.068653194,0
329,9.227,34.656,258.13,99.71,0,0.070799999,0
330,9.217,34.656,258.1,99.71,0,0.070799999,0
331,9.216,34.655,258.15,99.71,0,0.070799999,0
332,9.213,34.655,258.2,99.71,0,0.070799999,0
333,9.211,34.655,258.25,99.71,0,0.070799999,0
334,9.209,34.655,258.31,99.72,0,0.070799999,0
335,9.207,34.654,258.3,99.72,0,0.070799999,0
336,9.206,34.654,258.36,99.72,0,0.077660339,0
337,9.206,34.655,258.41,99.72,0,0.075588412,0
338,9.206,34.654,258.31,99.72,0,0.063500002,0
339,9.205,34.654,258.27,99.72,0,0.067954326,0
340,9.205,34.654,258.33,99.72,0,0.068212798,0
341,9.205,34.654,258.39,99.72,0,0.068825828,0
342,9.204,34.654,258.45,99.72,0,0.069438858,0
343,9.204,34.654,258.52,99.72,0,0.070110277,0
344,9.203,34.654,258.55,99.73,0,0.07046022,0
345,9.202,34.654,258.47,99.73,0,0.070799999,0
346,9.2,34.653,258.32,99.73,0,0.070799999,0
347,9.198,34.653,258.21,99.73,0,0.070802772,0
348,9.193,34.653,258.33,99.73,0,0.070910587,0
349,9.188,34.652,258.49,99.73,0,0.070974356,0
350,9.182,34.651,258.64,99.73,0,0.071038125,0
351,9.177,34.651,258.81,99.73,0,0.071075342,0
352,9.171,34.65,259.05,99.73,0,0.071020873,0
353,9.166,34.649,259.18,99.73,0,0.071235951,0
354,9.164,34.649,258.99,99.72,0,0.071811648,0
355,9.162,34.649,258.98,99.71,0,0.055479474,0
356,9.16,34.649,258.82,99.72,0,0.070799999,0
357,9.157,34.648,258.72,99.72,0,0.070799999,0
358,9.145,34.647,258.73,99.73,0,0.07025897,0
359,9.14,34.646,258.78,99.71,0,0.063867868,0
360,9.137,34.646,258.87,99.71,0,0.065943119,0
361,9.134,34.646,258.95,99.72,0,0.066939089,0
362,9.13,34.645,259.04,99.72,0,0.067935059,0
363,9.127,34.645,259.12,99.73,0,0.068931029,0
364,9.123,34.644,259.21,99.73,0,0.069980641,0
365,9.12,34.644,259.28,99.73,0,0.071303641,0
366,9.119,34.644,259.38,99.74,0,0.070799999,0
367,9.116,34.643,259.57,99.73,0,0.066759718,0
368,9.112,34.643,259.68,99.73,0,0.064455655,0
369,9.105,34.642,259.77,99.73,0,0.064992629,0
370,9.099,34.641,259.85,99.73,0,0.065217629,0
371,9.092,34.64,259.94,99.73,0,0.065442629,0
372,9.086,34.64,260.03,99.73,0,0.065667629,0
373,9.079,34.639,260.15,99.73,0,0.064419775,0
374,9.076,34.638,260.11,99.73,0,0.070692841,0
375,9.076,34.638,260.25,99.74,0,0.069577086,0
376,9.074,34.638,260.53,99.74,0,0.067527156,0
377,9.074,34.638,260.78,99.74,0,0.065408724,0
378,9.073,34.637,261.03,99.75,0,0.063407261,0
379,9.072,34.637,261.02,99.73,0,0.067504701,0
380,9.07,34.637,260.94,99.74,0,0.066953095,0
381,9.069,34.637,260.86,99.76,0,0.063500002,0
382,9.068,34.637,260.91,99.75,0,0.063684755,0
383,9.062,34.636,261.16,99.75,0,0.070799999,0
384,9.056,34.635,261.39,99.75,0,0.070799999,0
385,9.05,34.634,261.49,99.75,0,0.070799999,0
386,9.041,34.633,261.49,99.75,0,0.071094032,0
387,9.035,34.632,261.35,99.75,0,0.058607142,0
388,9.032,34.632,261.41,99.75,0,0.067892467,0
389,9.027,34.631,261.53,99.75,0,0.069574581,0
390,9.021,34.63,261.63,99.75,0,0.070446081,0
391,9.016,34.63,261.67,99.75,0,0.071242512,0
392,9.015,34.63,261.87,99.73,0,0.071178009,0
393,9.015,34.629,262.08,99.74,0,0.070799999,0
394,9.015,34.629,262.21,99.75,0,0.071170598,0
395,9.013,34.629,262.32,99.75,0,0.07096898,0
396,9.012,34.629,262.44,99.74,0,0.070834143,0
397,9.01,34.628,262.57,99.75,0,0.071313559,0
398,9.009,34.628,262.54,99.75,0,0.071238204,0
399,9.007,34.628,262.66,99.73,0,0.070799999,0
400,9.004,34.628,262.62,99.72,0,0.069405669,0
401,9.001,34.627,262.63,99.73,0,0.066517878,0
402,8.998,34.627,262.63,99.73,0,0.063833704,0
403,8.995,34.626,262.63,99.73,0,0.061149531,0
404,8.993,34.626,262.62,99.74,0,0.059073786,0
405,8.989,34.626,262.67,99.74,0,0.053998285,0
406,8.988,34.625,262.84,99.75,0,0.061087162,0
407,8.985,34.625,262.94,99.75,0,0.063412743,0
408,8.983,34.625,263.04,99.75,0,0.064885526,0
409,8.981,34.624,263.14,99.75,0,0.06635831,0
410,8.979,34.624,263.24,99.75,0,0.067831094,0
411,8.976,34.624,263.34,99.75,0,0.06935048,0
412,8.974,34.623,263.48,99.74,0,0.070799999,0
413,8.971,34.623,263.29,99.73,0,0.070799999,0
414,8.968,34.622,263.32,99.47,0,0.069894962,0
415,8.967,34.622,263.46,99.72,0,0.063500002,0
416,8.967,34.622,263.68,99.75,0,0.063878201,0
417,8.967,34.622,263.82,99.75,0,0.064607949,0
418,8.967,34.622,263.97,99.75,0,0.065282574,0
419,8.968,34.622,264.15,99.76,0,0.065967735,0
420,8.968,34.622,264.15,99.76,0,0.065493432,0
421,8.967,34.622,264.22,99.75,0,0.067292217,0
422,8.968,34.622,264.3,99.75,0,0.069878676,0
423,8.967,34.622,264.29,99.75,0,0.070215603,0
424,8.966,34.622,264.28,99.76,0,0.070431763,0
425,8.966,34.622,264.27,99.77,0,0.070680104,0
426,8.963,34.621,264.25,99.77,0,0.070799999,0
427,8.963,34.621,264.11,99.75,0,0.070799999,0
428,8.961,34.621,264.17,99.75,0,0.070799999,0
429,8.957,34.62,264.15,99.75,0,0.070799999,0
430,8.955,34.62,264.07,99.76,0,0.07079037,0
431,8.953,34.62,263.86,99.76,0,0.070799999,0
432,8.951,34.619,263.81,99.77,0,0.070790917,0
433,8.948,34.619,264.03,99.77,0,0.070740788,0
434,8.946,34.619,264.2,99.77,0,0.070691396,0
435,8.943,34.618,264.38,99.77,0,0.070642004,0
436,8.941,34.618,264.56,99.77,0,0.070592612,0
437,8.938,34.617,264.73,99.77,0,0.07054322,0
438,8.936,34.617,264.91,99.77,0,0.070713981,0
439,8.935,34.617,265.05,99.77,0,0.070051486,0
440,8.935,34.617,265.09,99.77,0,0.070799999,0
441,8.935,34.617,264.97,99.78,0,0.070799999,0
442,8.935,34.617,264.87,99.78,0,0.070799999,0
443,8.934,34.617,264.63,99.77,0,0.071042664,0
444,8.932,34.616,264.72,99.77,0,0.070687717,0
445,8.93,34.616,264.79,99.77,0,0.07021164,0
446,8.928,34.616,264.86,99.77,0,0.069735564,0
447,8.926,34.615,264.93,99.77,0,0.069259487,0
448,8.926,34.615,265.01,99.76,0,0.069844623,0
449,8.919,34.614,264.99,99.77,0,0.064050898,0
450,8.916,34.614,264.88,99.77,0,0.068990025,0
451,8.911,34.613,264.79,99.77,0,0.057396114,0
452,8.909,34.613,264.91,99.76,0,0.067515113,0
453,8.907,34.612,265.05,99.78,0,0.070799999,0
454,8.906,34.612,265.08,99.78,0,0.066847981,0
455,8.904,34.612,265.12,99.77,0,0.057409517,0
456,8.903,34.612,265.16,99.78,0,0.063637322,0
457,8.9,34.611,265.24,99.78,0,0.064294606,0
458,8.899,34.611,265.29,99.78,0,0.057660352,0
459,8.898,34.611,265.33,99.78,0,0.060092678,0
460,8.898,34.611,265.38,99.78,0,0.062502831,0
461,8.898,34.611,265.37,99.77,0,0.063500002,0
462,8.897,34.611,265.25,99.78,0,0.063500002,0
463,8.897,34.611,265.02,99.78,0,0.063099407,0
464,8.896,34.61,264.88,99.78,0,0.067435879,0
465,8.895,34.61,264.9,99.78,0,0.068139072,0
466,8.895,34.61,264.92,99.78,0,0.067575227,0
467,8.894,34.61,264.94,99.78,0,0.067011381,0
468,8.893,34.61,264.96,99.78,0,0.066447536,0
469,8.893,34.61,265.04,99.78,0,0.065862296,0
470,8.892,34.61,264.88,99.77,0,0.063500002,0
471,8.89,34.609,264.68,99.76,0,0.065936505,0
472,8.885,34.609,264.58,99.77,0,0.063500002,0
473,8.883,34.608,264.57,99.78,0,0.064230494,0
474,8.882,34.608,264.66,99.78,0,0.065646426,0
475,8.88,34.608,264.74,99.78,0,0.066956019,0
476,8.879,34.608,264.81,99.79,0,0.068265611,0
477,8.877,34.607,264.89,99.79,0,0.069575203,0
478,8.876,34.607,264.96,99.8,0,0.070702295,0
479,8.875,34.607,264.99,99.78,0,0.071149235,0
480,8.872,34.606,265.02,99.78,0,0.0656147,0
481,8.864,34.605,265.1,99.78,0,0.065841643,0
482,8.859,34.604,265.14,99.78,0,0.070799999,0
483,8.856,34.604,265.02,99.78,0,0.065797815,0
484,8.856,34.604,264.85,99.78,0,0.063500002,0
485,8.854,34.603,264.56,99.79,0,0.063524614,0
486,8.847,34.602,264.57,99.79,0,0.063682625,0
487,8.841,34.602,264.55,99.79,0,0.063846163,0
488,8.835,34.601,264.52,99.78,0,0.064009701,0
489,8.829,34.6,264.49,99.78,0,0.06417324,0
490,8.823,34.599,264.49,99.78,0,0.064142676,0
491,8.818,34.598,264.39,99.78,0,0.064090527,0
492,8.815,34.598,264.28,99.78,0,0.070799999,0
493,8.811,34.597,264.17,99.78,0,0.069749261,0
494,8.811,34.597,264.04,99.78,0,0.063500002,0
495,8.809,34.596,263.97,99.79,0,0.063972837,0
496,8.803,34.595,264.03,99.79,0,0.065221569,0
497,8.798,34.595,264.08,99.79,0,0.066065481,0
498,8.793,34.594,264.12,99.79,0,0.066909393,0
499,8.788,34.593,264.16,99.79,0,0.067753305,0
500,8.783,34.592,264.21,99.79,0,0.068597217,0
501,8.778,34.592,264.28,99.79,0,0.069910959,0
502,8.771,34.591,264.22,99.79,0,0.068083645,0
503,8.762,34.589,264.1,99.8,0,0.063500002,0
504,8.756,34.588,263.76,99.8,0,0.069891963,0
505,8.752,34.587,263.27,99.79,0,0.070799999,0
506,8.748,34.587,262.7,99.79,0,0.07046862,0
507,8.745,34.586,262.58,99.8,0,0.067624311,0
508,8.74,34.586,262.62,99.8,0,0.065466585,0
509,8.735,34.585,262.68,99.8,0,0.065256624,0
510,8.73,34.584,262.73,99.79,0,0.065046663,0
511,8.724,34.583,262.81,99.78,0,0.064368411,0
512,8.721,34.583,262.74,99.8,0,0.068380538,0
513,8.713,34.582,262.52,99.8,0,0.071096172,0
514,8.709,34.581,262.09,99.82,0,0.07105896,0
515,8.694,34.578,261.85,99.81,0,0.066495138,0
516,8.68,34.577,261.8,99.82,0,0.063500002,0
517,8.666,34.574,261.7,99.81,0,0.063615715,0
518,8.656,34.573,261.47,99.79,0,0.071203783,0
519,8.652,34.572,261.22,99.8,0,0.064816034,0
520,8.646,34.572,261.02,99.81,0,0.063409108,0
521,8.64,34.571,261.01,99.81,0,0.065361846,0
522,8.635,34.57,261.01,99.82,0,0.06737605,0
523,8.629,34.569,261.01,99.82,0,0.069452498,0
524,8.623,34.568,260.97,99.82,0,0.071164751,0
525,8.623,34.568,260.97,99.82,0,0.071514737,0
526,8.621,34.567,260.83,99.82,0,0.071048018,0
527,8.618,34.567,260.7,99.82,0,0.07099337,0
528,8.608,34.565,260.72,99.82,0,0.070799999,0
529,8.593,34.563,260.68,99.82,0,0.063988605,0
530,8.557,34.558,260.71,99.83,0,0.065828303,0
531,8.541,34.557,260.56,99.81,0,0.070799999,0
532,8.535,34.556,260.31,99.81,0,0.071261403,0
533,8.53,34.555,260.14,99.83,0,0.071060235,0
534,8.526,34.554,259.94,99.83,0,0.07105723,0
535,8.522,34.554,259.78,99.83,0,0.071004615,0
536,8.518,34.553,259.62,99.83,0,0.070952,0
537,8.513,34.552,259.46,99.83,0,0.070899385,0
538,8.509,34.551,259.29,99.83,0,0.070841856,0
539,8.505,34.551,259.16,99.83,0,0.070799999,0
540,8.503,34.55,258.99,99.83,0,0.07140253,0
541,8.503,34.55,258.77,99.83,0,0.06611829,0
542,8.498,34.55,258.6,99.83,0,0.070144279,0
543,8.496,34.549,258.55,99.83,0,0.070799999,0
544,8.492,34.549,258.48,99.83,0,0.070799999,0
545,8.488,34.548,258.56,99.83,0,0.069750924,0
546,8.485,34.547,258.63,99.83,0,0.068563009,0
547,8.481,34.547,258.7,99.83,0,0.067144156,0
548,8.477,34.546,258.72,99.83,0,0.067097667,0
549,8.465,34.545,258.53,99.83,0,0.070877894,0
550,8.451,34.543,258.68,99.84,0,0.071142021,0
551,8.451,34.543,258.77,99.83,0,0.066038107,0
552,8.45,34.542,258.78,99.83,0,0.063500002,0
553,8.446,34.541,258.68,99.83,0,0.070403549,0
554,8.436,34.54,258.74,99.83,0,0.071043075,0
555,8.427,34.539,258.69,99.83,0,0.071020477,0
556,8.417,34.538,258.64,99.83,0,0.070959925,0
557,8.408,34.536,258.59,99.84,0,0.070899372,0
558,8.4,34.535,258.54,99.84,0,0.070823601,0
559,8.378,34.532,258.49,99.8,0,0.070799999,0
560,8.366,34.531,258.38,99.8,0,0.070474969,0
561,8.346,34.528,258.36,99.83,0,0.058382494,0
562,8.337,34.526,258.24,99.84,0,0.081436012,0
563,8.333,34.526,258.1,99.84,0,0.074957527,0
564,8.328,34.525,257.96,99.84,0,0.066747749,0
565,8.32,34.524,257.74,99.83,0,0.063041023,0
566,8.314,34.523,257.53,99.83,0,0.071728554,0
567,8.311,34.523,257.39,99.83,0,0.070799999,0
568,8.307,34.522,257.31,99.83,0,0.070799999,0
569,8.301,34.522,257.31,99.83,0,0.070799999,0
570,8.296,34.521,257.34,99.83,0,0.070799999,0
571,8.29,34.52,257.36,99.83,0,0.070799999,0
572,8.285,34.519,257.38,99.83,0,0.070799999,0
573,8.28,34.519,257.4,99.83,0,0.070799999,0
574,8.276,34.518,257.34,99.84,0,0.070799999,0
575,8.26,34.515,257.27,99.84,0,0.075968855,0
576,8.236,34.513,257.1,99.83,0,0.077402227,0
577,8.226,34.512,256.94,99.83,0,0.070799999,0
578,8.225,34.511,256.88,99.83,0,0.070533471,0
579,8.221,34.511,256.89,99.84,0,0.070598657,0
580,8.215,34.51,256.91,99.84,0,0.070697837,0
581,8.21,34.509,256.93,99.84,0,0.070819468,0
582,8.204,34.508,256.95,99.84,0,0.0709411,0
583,8.198,34.507,256.99,99.84,0,0.071167745,0
584,8.194,34.507,256.93,99.85,0,0.07507323,0
585,8.192,34.507,256.81,99.84,0,0.078376735,0
586,8.185,34.506,256.77,99.84,0,0.070799999,0
587,8.172,34.504,256.77,99.84,0,0.070799999,0
588,8.168,34.504,256.73,99.84,0,0.070799999,0
589,8.163,34.503,256.56,99.84,0,0.070223789,0
590,8.158,34.503,256.35,99.82,0,0.070799999,0
591,8.152,34.502,256.09,99.83,0,0.063987379,0
592,8.148,34.502,256.01,99.83,0,0.065179369,0
593,8.144,34.502,255.95,99.83,0,0.06631794,0
594,8.14,34.501,255.88,99.83,0,0.06745651,0
595,8.136,34.501,255.82,99.83,0,0.06859508,0
596,8.132,34.5,255.77,99.83,0,0.069711216,0
597,8.127,34.5,255.66,99.83,0,0.071446861,0
598,8.117,34.499,255.59,99.83,0,0.066595389,0
599,8.114,34.498,255.18,99.83,0,0.063500002,0
600,8.112,34.498,254.55,99.82,0,0.063539237,0
601,8.1,34.496,254.41,99.82,0,0.06402525,0
602,8.088,34.495,254.27,99.82,0,0.064568759,0
603,8.075,34.493,254.14,99.82,0,0.065112268,0
604,8.063,34.491,254,99.83,0,0.065655776,0
605,8.051,34.49,253.86,99.83,0,0.066199285,0
606,8.038,34.488,253.72,99.83,0,0.065951355,0
607,8.026,34.486,253.64,99.83,0,0.070799999,0
608,8.015,34.485,253.67,99.85,0,0.070799999,0
609,8.004,34.484,253.72,99.84,0,0.070799999,0
610,7.995,34.482,253.65,99.82,0,0.071190675,0
611,7.981,34.481,253.65,99.84,0,0.070799999,0
612,7.977,34.48,253.51,99.84,0,0.070799999,0
613,7.977,34.48,253.27,99.85,0,0.070799999,0
614,7.976,34.48,253.27,99.84,0,0.070799999,0
615,7.976,34.48,253.12,99.84,0,0.070205819,0
616,7.973,34.479,252.99,99.84,0,0.070346202,0
617,7.966,34.479,253.02,99.84,0,0.069867479,0
618,7.96,34.478,253.01,99.84,0,0.069466646,0
619,7.954,34.477,253.01,99.84,0,0.069065812,0
620,7.948,34.477,253.01,99.84,0,0.068664978,0
621,7.942,34.476,253.01,99.84,0,0.068264145,0
622,7.935,34.476,253.01,99.84,0,0.069191373,0
623,7.931,34.475,252.94,99.83,0,0.064040615,0
624,7.912,34.473,252.94,99.83,0,0.063500002,0
625,7.899,34.472,252.69,99.84,0,0.069942733,0
626,7.897,34.471,252.31,99.82,0,0.070799999,0
627,7.896,34.471,251.88,99.83,0,0.079238554,0
628,7.898,34.471,251.41,99.85,0,0.077517903,0
629,7.896,34.471,251.34,99.84,0,0.076452291,0
630,7.894,34.471,251.26,99.84,0,0.075463909,0
631,7.891,34.47,251.17,99.84,0,0.074475527,0
632,7.888,34.47,251.09,99.84,0,0.073487145,0
633,7.886,34.47,251,99.83,0,0.072498763,0
634,7.883,34.47,250.91,99.83,0,0.071432228,0
635,7.879,34.469,250.86,99.83,0,0.070799999,0
636,7.872,34.469,250.69,99.83,0,0.070799999,0
637,7.863,34.468,250.47,99.84,0,0.070799999,0
638,7.855,34.467,250.28,99.84,0,0.070799999,0
639,7.846,34.466,250.08,99.84,0,0.070799999,0
640,7.838,34.465,249.88,99.84,0,0.070799999,0
641,7.83,34.464,249.68,99.84,0,0.070799999,0
642,7.821,34.464,249.48,99.85,0,0.070799999,0
643,7.813,34.463,249.28,99.85,0,0.070799999,0
644,7.804,34.462,249.04,99.85,0,0.070799999,0
645,7.793,34.461,248.96,99.85,0,0.070799999,0
646,7.782,34.46,248.79,99.86,0,0.070799999,0
647,7.775,34.459,248.51,99.84,0,0.071416818,0
648,7.77,34.459,248.13,99.84,0,0.069207954,0
649,7.763,34.458,247.76,99.85,0,0.069345252,0
650,7.757,34.457,247.39,99.85,0,0.069007991,0
651,7.75,34.457,247.02,99.85,0,0.068670729,0
652,7.744,34.456,246.65,99.85,0,0.068333467,0
653,7.737,34.455,246.28,99.85,0,0.067996205,0
654,7.731,34.455,245.9,99.86,0,0.067379366,0
655,7.718,34.454,245.71,99.85,0,0.068882298,0
656,7.703,34.452,245.56,99.86,0,0.070799999,0
657,7.697,34.454,245.48,99.85,0,0.072274118,0
658,7.705,34.456,245.3,99.84,0,0.070799999,0
659,7.698,34.455,245.13,99.85,0,0.071458891,0
660,7.688,34.454,244.83,99.83,0,0.071359285,0
661,7.674,34.452,244.43,99.82,0,0.070799999,0
662,7.675,34.454,243.85,99.81,0,0.071423669,0
663,7.681,34.455,243.27,99.82,0,0.069780778,0
664,7.679,34.456,243.11,99.82,0,0.067448287,0
665,7.678,34.457,242.89,99.83,0,0.065359546,0
666,7.678,34.458,242.67,99.83,0,0.063270804,0
667,7.677,34.459,242.45,99.83,0,0.061182063,0
668,7.679,34.46,242.23,99.83,0,0.057954548,0
669,7.667,34.459,241.98,99.83,0,0.062738786,0
670,7.656,34.458,241.09,99.84,0,0.071152547,0
671,7.656,34.459,239.44,99.84,0,0.070799999,0
672,7.661,34.46,237.9,99.85,0,0.070799999,0
673,7.667,34.462,236.76,99.85,0,0.071062998,0
674,7.678,34.463,235.81,99.84,0,0.070991666,0
675,7.681,34.464,235.12,99.84,0,0.064850726,0
676,7.68,34.467,235.18,99.84,0,0.067723611,0
677,7.68,34.47,235.25,99.84,0,0.071108177,0
678,7.68,34.47,235.13,99.86,0,0.070799999,0
679,7.677,34.471,234.48,99.83,0,0.070808915,0
680,7.676,34.472,233.5,99.85,0,0.071135205,0
681,7.67,34.472,232.48,99.85,0,0.0710759,0
682,7.674,34.474,231.4,99.86,0,0.070799999,0
683,7.649,34.472,230.84,99.85,0,0.071441579,0
684,7.618,34.47,230.35,99.85,0,0.070529283,0
685,7.616,34.47,229.59,99.85,0,0.063788875,0
686,7.614,34.47,229.3,99.85,0,0.065601178,0
687,7.61,34.47,229.07,99.85,0,0.067382931,0
688,7.607,34.47,228.82,99.85,0,0.069332903,0
689,7.603,34.47,228.65,99.84,0,0.070799999,0
690,7.592,34.47,228.58,99.85,0,0.071498109,0
691,7.576,34.467,228.53,99.85,0,0.076813204,0
692,7.557,34.465,228.28,99.85,0,0.077228057,0
693,7.544,34.464,228.1,99.85,0,0.075976671,0
694,7.529,34.462,227.91,99.85,0,0.074895493,0
695,7.515,34.46,227.71,99.84,0,0.073814316,0
696,7.501,34.459,227.52,99.84,0,0.072733139,0
697,7.486,34.457,227.31,99.85,0,0.071097038,0
698,7.477,34.456,227.3,99.84,0,0.07679025,0
699,7.473,34.455,227.08,99.85,0,0.078688334,0
700,7.469,34.454,227,99.85,0,0.071296288,0
701,7.465,34.453,226.84,99.79,0,0.070799999,0
702,7.455,34.452,226.85,99.81,0,0.070799999,0
703,7.437,34.449,226.95,99.81,0,0.070799999,0
704,7.421,34.447,227.03,99.82,0,0.070799999,0
705,7.404,34.445,227.11,99.83,0,0.070799999,0
706,7.387,34.443,227.19,99.83,0,0.070799999,0
707,7.37,34.44,227.27,99.83,0,0.070799999,0
708,7.361,34.439,227.26,99.86,0,0.070799999,0
709,7.356,34.438,227.31,99.85,0,0.070799999,0
710,7.351,34.438,227.24,99.85,0,0.070799999,0
711,7.346,34.437,227.38,99.86,0,0.070799999,0
712,7.345,34.437,227.51,99.86,0,0.070799999,0
713,7.347,34.437,227.81,99.86,0,0.070799999,0
714,7.347,34.438,227.94,99.86,0,0.070949321,0
715,7.347,34.439,228.03,99.86,0,0.07125847,0
716,7.347,34.44,228.13,99.86,0,0.071558216,0
717,7.346,34.44,228.22,99.85,0,0.071857962,0
718,7.346,34.441,228.32,99.85,0,0.072157708,0
719,7.345,34.441,228.44,99.85,0,0.072177835,0
720,7.346,34.443,228.47,99.86,0,0.071427689,0
721,7.354,34.445,228.26,99.85,0,0.078735811,0
722,7.356,34.446,228,99.86,0,0.076314712,0
723,7.34,34.446,227.7,99.86,0,0.071433349,0
724,7.341,34.446,227.32,99.86,0,0.071695755,0
725,7.34,34.446,226.95,99.86,0,0.071490454,0
726,7.339,34.446,226.58,99.86,0,0.071285153,0
727,7.338,34.446,226.21,99.86,0,0.071079851,0
728,7.336,34.447,225.86,99.86,0,0.070869671,0
729,7.337,34.447,225.33,99.86,0,0.071077772,0
730,7.336,34.447,224.67,99.86,0,0.071461772,0
731,7.332,34.447,224.19,99.85,0,0.070799999,0
732,7.332,34.447,223.81,99.86,0,0.070799999,0
733,7.332,34.447,223.55,99.86,0,0.070799999,0
734,7.332,34.447,223.37,99.85,0,0.076847935,0
735,7.329,34.448,223.43,99.85,0,0.074429762,0
736,7.326,34.449,223.47,99.85,0,0.072922603,0
737,7.324,34.449,223.52,99.85,0,0.071235649,0
738,7.318,34.45,223.43,99.86,0,0.070799999,0
739,7.314,34.45,223.11,99.86,0,0.070799999,0
740,7.306,34.451,222.73,99.86,0,0.084519234,0
741,7.285,34.45,222.45,99.83,0,0.078798136,0
742,7.265,34.449,222.16,99.81,0,0.075570615,0
743,7.242,34.448,221.88,99.76,0,0.071576453,0
744,7.232,34.448,221.62,99.86,0,0.071271883,0
745,7.228,34.448,221.15,99.86,0,0.073744376,0
746,7.221,34.447,220.84,99.85,0,0.074891415,0
747,7.213,34.446,220.6,99.85,0,0.073773012,0
748,7.205,34.445,220.35,99.85,0,0.072921766,0
749,7.196,34.445,220.09,99.86,0,0.071786017,0
750,7.192,34.444,219.87,99.86,0,0.071772386,0
751,7.19,34.445,219.72,99.86,0,0.071181238,0
752,7.188,34.446,219.7,99.86,0,0.068080038,0
753,7.188,34.446,219.54,99.86,0,0.063500002,0
754,7.183,34.445,219.47,99.86,0,0.068633205,0
755,7.179,34.445,219.25,99.85,0,0.07251975,0
756,7.17,34.445,219,99.86,0,0.077231941,0
757,7.157,34.444,218.94,99.86,0,0.074573006,0
758,7.144,34.443,218.86,99.86,0,0.07293771,0
759,7.131,34.443,218.78,99.86,0,0.070378368,0
760,7.119,34.442,218.7,99.86,0,0.071330604,0
761,7.107,34.441,218.63,99.86,0,0.072693524,0
762,7.096,34.439,218.57,99.86,0,0.074969735,0
763,7.085,34.438,218.5,99.86,0,0.076617038,0
764,7.076,34.437,218.38,99.86,0,0.081074189,0
765,7.035,34.431,218.55,99.86,0,0.079732515,0
766,7.015,34.428,218.55,99.87,0,0.070799999,0
767,7.012,34.428,218.36,99.86,0,0.071227161,0
768,7.013,34.428,218.33,99.86,0,0.070799999,0
769,7.016,34.429,218.42,99.86,0,0.070835394,0
770,7.027,34.433,218.6,99.86,0,0.07096398,0
771,7.035,34.435,218.72,99.86,0,0.071323282,0
772,7.037,34.437,218.62,99.86,0,0.072351315,0
773,7.038,34.439,218.51,99.86,0,0.073411142,0
774,7.04,34.441,218.4,99.86,0,0.074470969,0
775,7.041,34.443,218.29,99.86,0,0.075530796,0
776,7.044,34.445,218.2,99.86,0,0.077559851,0
777,7.032,34.444,217.96,99.86,0,0.072944439,0
778,6.992,34.44,217.73,99.86,0,0.070799999,0
779,6.969,34.438,217.13,99.87,0,0.070799999,0
780,6.96,34.438,216.55,99.87,0,0.07139191,0
781,6.954,34.437,215.87,99.87,0,0.065566868,0
782,6.952,34.438,215.67,99.87,0,0.066717862,0
783,6.95,34.438,215.46,99.86,0,0.067695454,0
784,6.949,34.439,215.26,99.86,0,0.068673046,0
785,6.947,34.439,215.06,99.86,0,0.069650638,0
786,6.946,34.439,214.86,99.86,0,0.070621425,0
787,6.944,34.44,214.68,99.86,0,0.070799999,0
788,6.94,34.44,214.51,99.86,0,0.078695272,0
789,6.934,34.439,214.44,99.87,0,0.075538371,0
790,6.925,34.439,214.17,99.86,0,0.071342952,0
791,6.907,34.438,213.96,99.86,0,0.071767276,0
792,6.883,34.436,213.65,99.86,0,0.071717464,0
793,6.861,34.435,213.35,99.86,0,0.071116622,0
794,6.851,34.436,212.99,99.86,0,0.070901353,0
795,6.846,34.435,212.91,99.86,0,0.071108233,0
796,6.841,34.435,212.82,99.86,0,0.071107051,0
797,6.837,34.435,212.73,99.86,0,0.071105869,0
798,6.832,34.435,212.64,99.86,0,0.071104687,0
799,6.827,34.435,212.56,99.86,0,0.070998198,0
800,6.824,34.435,212.45,99.86,0,0.071312488,0
801,6.817,34.434,212.33,99.87,0,0.071275589,0
802,6.802,34.433,212.31,99.88,0,0.071212371,0
803,6.784,34.432,212.28,99.88,0,0.07118071,0
804,6.767,34.43,212.13,99.88,0,0.070799999,0
805,6.755,34.431,212.02,99.87,0,0.071482776,0
806,6.738,34.43,212.04,99.87,0,0.071189512,0
807,6.722,34.429,212.03,99.87,0,0.071074607,0
808,6.706,34.428,212.03,99.86,0,0.07081384,0
809,6.69,34.427,212.02,99.86,0,0.071197579,0
810,6.672,34.424,211.91,99.87,0,0.071217968,0
811,6.655,34.423,211.89,99.88,0,0.071705702,0
812,6.655,34.423,211.66,99.88,0,0.071895739,0
813,6.654,34.423,211.54,99.86,0,0.071091552,0
814,6.654,34.423,211.44,99.88,0,0.064606579,0
815,6.656,34.423,211.29,99.86,0,0.070993497,0
816,6.653,34.424,211.27,99.86,0,0.070143483,0
817,6.65,34.424,211.26,99.86,0,0.069189776,0
818,6.647,34.424,211.25,99.87,0,0.069094407,0
819,6.643,34.424,211.22,99.87,0,0.064683028,0
820,6.626,34.424,211.13,99.88,0,0.063500002,0
821,6.608,34.423,211.02,99.87,0,0.063500002,0
822,6.595,34.423,210.94,99.86,0,0.063748729,0
823,6.58,34.422,210.92,99.87,0,0.071823741,0
824,6.574,34.421,210.72,99.88,0,0.071509184,0
825,6.561,34.421,210.68,99.87,0,0.071621248,0
826,6.548,34.42,210.61,99.87,0,0.071510096,0
827,6.536,34.419,210.54,99.87,0,0.071398943,0
828,6.523,34.419,210.48,99.86,0,0.071287791,0
829,6.511,34.418,210.4,99.86,0,0.071191356,0
830,6.506,34.418,210.25,99.86,0,0.071179585,0
831,6.5,34.417,210.13,99.87,0,0.07124585,0
832,6.483,34.415,209.9,99.87,0,0.070799999,0
833,6.43,34.413,210.13,99.88,0,0.071602123,0
834,6.416,34.411,209.97,99.88,0,0.063500002,0
835,6.405,34.41,209.9,99.88,0,0.067116841,0
836,6.392,34.409,209.85,99.88,0,0.070671855,0
837,6.37,34.407,209.9,99.88,0,0.070082592,0
838,6.35,34.404,209.94,99.89,0,0.069905767,0
839,6.329,34.402,209.98,99.89,0,0.069728941,0
840,6.309,34.4,210.01,99.89,0,0.069011432,0
841,6.285,34.397,210.05,99.89,0,0.070799999,0
842,6.28,34.398,210.12,99.89,0,0.070799999,0
843,6.284,34.398,210.14,99.88,0,0.071794592,0
844,6.272,34.396,210.29,99.88,0,0.075008045,0
845,6.256,34.395,210.59,99.89,0,0.078909618,0
846,6.257,34.396,210.76,99.88,0,0.078599716,0
847,6.262,34.398,210.88,99.88,0,0.076189171,0
848,6.267,34.399,211,99.88,0,0.074318468,0
849,6.27,34.401,211.17,99.88,0,0.072442738,0
850,6.281,34.403,211.13,99.88,0,0.071128039,0
851,6.27,34.404,211.13,99.89,0,0.071185813,0
852,6.245,34.402,210.82,99.88,0,0.071476399,0
853,6.22,34.4,210.55,99.88,0,0.07521195,0
854,6.194,34.397,210.27,99.89,0,0.077936052,0
855,6.172,34.394,210.03,99.89,0,0.085394277,0
856,6.165,34.395,209.91,99.89,0,0.085442963,0
857,6.17,34.397,209.76,99.9,0,0.070799999,0
858,6.164,34.396,209.71,99.89,0,0.071129233,0
859,6.15,34.394,209.76,99.9,0,0.071118247,0
860,6.124,34.392,209.77,99.89,0,0.071173121,0
861,6.099,34.39,209.78,99.9,0,0.07436706,0
862,6.097,34.393,209.74,99.89,0,0.08078895,0
863,6.108,34.396,209.62,99.89,0,0.073200495,0
864,6.103,34.396,209.59,99.89,0,0.071846239,0
865,6.097,34.396,209.55,99.89,0,0.071605092,0
866,6.091,34.396,209.51,99.89,0,0.071363945,0
867,6.085,34.395,209.47,99.89,0,0.071122799,0
868,6.079,34.395,209.45,99.89,0,0.070863442,0
869,6.073,34.394,209.31,99.89,0,0.070799999,0
870,6.059,34.392,209.09,99.88,0,0.070799999,0
871,6.043,34.39,208.97,99.88,0,0.074828462,0
872,6.041,34.39,208.73,99.89,0,0.079624016,0
873,6.043,34.391,208.69,99.89,0,0.079119355,0
874,6.044,34.393,208.66,99.89,0,0.079075143,0
875,6.045,34.394,208.64,99.9,0,0.079030932,0
876,6.047,34.396,208.61,99.9,0,0.07898672,0
877,6.049,34.397,208.58,99.9,0,0.079028147,0
878,6.043,34.399,208.39,99.9,0,0.078696611,0
879,6.036,34.401,208.11,99.9,0,0.078614613,0
880,6.03,34.403,207.84,99.9,0,0.078470571,0
881,6.023,34.404,207.56,99.9,0,0.077981648,0
882,6.018,34.405,207.29,99.91,0,0.076824708,0
883,6.012,34.405,206.72,99.9,0,0.077509727,0
884,6.005,34.404,206.15,99.9,0,0.079006851,0
885,5.999,34.404,205.52,99.89,0,0.080902539,0
886,5.979,34.404,205.59,99.9,0,0.080977402,0
887,5.961,34.403,205.41,99.91,0,0.074713704,0
888,5.951,34.403,205.18,99.9,0,0.070799999,0
889,5.939,34.402,204.89,99.9,0,0.070865926,0
890,5.93,34.402,204.68,99.9,0,0.07160971,0
891,5.922,34.402,204.46,99.91,0,0.072270896,0
892,5.913,34.402,204.25,99.91,0,0.072932082,0
893,5.905,34.402,204.04,99.91,0,0.073593267,0
894,5.896,34.401,203.83,99.91,0,0.074075181,0
895,5.886,34.401,203.84,99.91,0,0.070799999,0
896,5.873,34.401,203.9,99.91,0,0.07155629,0
897,5.866,34.401,203.83,99.91,0,0.071363422,0
898,5.857,34.401,203.72,99.91,0,0.07124496,0
899,5.847,34.401,203.62,99.91,0,0.071042444,0
900,5.838,34.401,203.51,99.91,0,0.070826105,0
901,5.821,34.401,203.5,99.91,0,0.070799999,0
902,5.813,34.4,203.47,99.91,0,0.070428201,0
903,5.798,34.399,203.38,99.91,0,0.071225988,0
904,5.771,34.396,203.43,99.91,0,0.071207105,0
905,5.744,34.394,203.46,99.91,0,0.071265976,0
906,5.718,34.391,203.49,99.91,0,0.071324847,0
907,5.689,34.388,203.58,99.91,0,0.071178041,0
908,5.674,34.387,203.41,99.91,0,0.071320816,0
909,5.697,34.394,203.22,99.91,0,0.070799999,0
910,5.707,34.396,203.2,99.91,0,0.071468465,0
911,5.703,34.396,203.29,99.91,0,0.070799999,0
912,5.695,34.396,203.51,99.91,0,0.070799999,0
913,5.687,34.395,203.55,99.91,0,0.070799999,0
914,5.679,34.394,203.61,99.91,0,0.070799999,0
915,5.671,34.394,203.68,99.91,0,0.070799999,0
916,5.663,34.393,203.75,99.91,0,0.070799999,0
917,5.658,34.392,203.84,99.91,0,0.070799999,0
918,5.643,34.392,203.75,99.91,0,0.070947612,0
919,5.641,34.392,203.57,99.91,0,0.072004864,0
920,5.64,34.392,203.37,99.91,0,0.073092927,0
921,5.637,34.392,203.17,99.91,0,0.073428234,0
922,5.638,34.393,203,99.91,0,0.077066575,0
923,5.642,34.394,202.98,99.92,0,0.075267042,0
924,5.631,34.393,202.98,99.92,0,0.073182728,0
925,5.608,34.391,202.95,99.92,0,0.078662479,0
926,5.585,34.389,202.92,99.91,0,0.083704355,0
927,5.563,34.386,202.88,99.91,0,0.088957242,0
928,5.533,34.383,202.96,99.91,0,0.087623525,0
929,5.501,34.378,203.04,99.91,0,0.084359785,0
930,5.469,34.374,203.12,99.91,0,0.081869984,0
931,5.434,34.369,203.21,99.91,0,0.07560771,0
932,5.414,34.366,203.3,99.92,0,0.080053451,0
933,5.414,34.367,203.86,99.93,0,0.077937571,0
934,5.413,34.367,204.49,99.93,0,0.076198607,0
935,5.412,34.368,205.12,99.93,0,0.074459644,0
936,5.411,34.368,205.76,99.93,0,0.07272068,0
937,5.408,34.368,206.37,99.94,0,0.071260262,0
938,5.397,34.368,206.62,99.94,0,0.07166854,0
939,5.391,34.368,206.68,99.94,0,0.072613079,0
940,5.385,34.368,206.72,99.94,0,0.071778899,0
941,5.379,34.367,206.75,99.94,0,0.071182829,0
942,5.36,34.366,206.75,99.94,0,0.070799999,0
943,5.357,34.366,206.69,99.93,0,0.070799999,0
944,5.367,34.369,206.52,99.93,0,0.071186411,0
945,5.373,34.371,206.45,99.93,0,0.071291066,0
946,5.376,34.372,206.37,99.93,0,0.069187221,0
947,5.381,34.373,206.07,99.93,0,0.069050765,0
948,5.373,34.371,205.85,99.92,0,0.07151204,0
949,5.353,34.37,205.89,99.93,0,0.072046934,0
950,5.333,34.369,205.9,99.93,0,0.071925269,0
951,5.309,34.368,206.02,99.92,0,0.076072453,0
952,5.289,34.366,206.06,99.93,0,0.08124712,0
953,5.285,34.366,206.03,99.94,0,0.072346369,0
954,5.286,34.367,205.97,99.93,0,0.070799999,0
955,5.29,34.368,206,99.94,0,0.070799999,0
956,5.301,34.37,205.84,99.93,0,0.071158937,0
957,5.301,34.37,205.75,99.93,0,0.070799999,0
958,5.305,34.371,205.52,99.93,0,0.072611313,0
959,5.314,34.374,205.39,99.93,0,0.077612379,0
960,5.323,34.377,205.24,99.93,0,0.082361103,0
961,5.333,34.38,205.11,99.93,0,0.087661584,0
962,5.334,34.382,204.95,99.92,0,0.076263349,0
963,5.336,34.383,204.67,99.93,0,0.070799999,0
964,5.338,34.384,204.17,99.93,0,0.071114492,0
965,5.34,34.384,203.78,99.93,0,0.070799999,0
966,5.335,34.385,203.21,99.93,0,0.071101213,0
967,5.319,34.384,202.59,99.93,0,0.075920771,0
968,5.302,34.381,202.4,99.93,0,0.075690366,0
969,5.287,34.379,202.27,99.93,0,0.073414532,0
970,5.271,34.377,202.14,99.93,0,0.071103307,0
971,5.253,34.375,202.21,99.93,0,0.070799999,0
972,5.242,34.374,202.35,99.91,0,0.078371264,0
973,5.221,34.372,202.7,99.93,0,0.079205284,0
974,5.202,34.37,203.03,99.93,0,0.073071549,0
975,5.183,34.368,203.34,99.94,0,0.070799999,0
976,5.166,34.366,203.58,99.93,0,0.064742245,0
977,5.183,34.368,203.7,99.92,0,0.067716384,0
978,5.158,34.365,204.33,99.95,0,0.072822144,0
979,5.125,34.362,204.51,99.94,0,0.075912727,0
980,5.101,34.359,204.44,99.94,0,0.070799999,0
981,5.052,34.356,204.75,99.93,0,0.070799999,0
982,5.052,34.357,204.8,99.94,0,0.071563508,0
983,5.042,34.356,205.01,99.93,0,0.070799999,0
984,5.015,34.354,205.29,99.95,0,0.070799999,0
985,5.006,34.354,205.42,99.95,0,0.070799999,0
986,4.992,34.353,205.74,99.95,0,0.070799999,0
987,4.978,34.351,206.05,99.95,0,0.070799999,0
988,4.963,34.35,206.36,99.95,0,0.070799999,0
989,4.943,34.348,206.7,99.95,0,0.07091439,0
990,4.928,34.347,207.1,99.94,0,0.07157779,0
991,4.927,34.348,207.33,99.96,0,0.089933292,0
992,4.916,34.348,207.47,99.96,0,0.072106437,0
993,4.911,34.348,207.61,99.95,0,0.075908167,0
994,4.903,34.347,207.59,99.96,0,0.077067832,0
995,4.893,34.347,207.59,99.95,0,0.072074414,0
996,4.889,34.347,207.51,99.94,0,0.079116919,0
997,4.885,34.349,207.55,99.94,0,0.078886585,0
998,4.878,34.35,207.58,99.94,0,0.080061392,0
999,4.888,34.352,207.24,99.94,0,0.071724731,0
1000,4.915,34.358,206.93,99.95,0,0.071381575,0
1001,4.94,34.364,206.64,99.95,0,0.071584288,0
1002,4.937,34.364,206.63,99.95,0,0.079101082,0
1003,4.918,34.363,206.36,99.96,0,0.071200229,0
1004,4.919,34.364,205.71,99.95,0,0.070799999,0
1005,4.912,34.363,205.18,99.94,0,0.070799999,0
1006,4.904,34.363,204.83,99.96,0,0.079101872,0
1007,4.896,34.364,204.31,99.94,0,0.075888309,0
1008,4.897,34.366,203.96,99.94,0,0.070034442,0
1009,4.899,34.368,203.68,99.94,0,0.064498284,0
1010,4.897,34.369,203.51,99.94,0,0.067329056,0
1011,4.895,34.369,203.34,99.94,0,0.069847679,0
1012,4.892,34.37,203.18,99.94,0,0.072366303,0
1013,4.89,34.371,203.02,99.95,0,0.075230484,0
1014,4.887,34.371,202.86,99.94,0,0.078741321,0
1015,4.877,34.371,202.73,99.96,0,0.071850178,0
1016,4.867,34.372,202.56,99.95,0,0.070799999,0
1017,4.869,34.374,202.29,99.96,0,0.070799999,0
1018,4.872,34.375,202.05,99.94,0,0.070799999,0
1019,4.875,34.376,201.79,99.94,0,0.070817795,0
1020,4.877,34.376,201.52,99.95,0,0.073299988,0
1021,4.875,34.377,201.41,99.94,0,0.073477861,0
1022,4.873,34.378,201.26,99.94,0,0.074208552,0
1023,4.871,34.379,201.12,99.94,0,0.074939243,0
1024,4.869,34.38,200.97,99.95,0,0.075669934,0
1025,4.867,34.381,200.84,99.95,0,0.075383668,0
1026,4.864,34.381,200.62,99.94,0,0.079873515,0
1027,4.859,34.381,200.2,99.94,0,0.080551642,0
1028,4.851,34.38,199.87,99.92,0,0.07330036,0
1029,4.846,34.38,199.65,99.92,0,0.070799999,0
1030,4.84,34.379,199.23,99.94,0,0.071137397,0
1031,4.83,34.379,199.16,99.94,0,0.078048888,0
1032,4.817,34.379,199.11,99.94,0,0.073665226,0
1033,4.806,34.379,199.12,99.94,0,0.073911299,0
1034,4.794,34.379,199.13,99.94,0,0.073324404,0
1035,4.783,34.379,199.13,99.94,0,0.07273751,0
1036,4.771,34.379,199.15,99.94,0,0.071766844,0
1037,4.763,34.378,199.12,99.95,0,0.073472068,0
1038,4.761,34.378,199.09,99.96,0,0.078844092,0
1039,4.758,34.377,198.91,99.94,0,0.075367081,0
1040,4.755,34.377,198.86,99.94,0,0.070799999,0
1041,4.742,34.377,198.83,99.96,0,0.074552098,0
1042,4.731,34.377,198.9,99.95,0,0.079234772,0
1043,4.72,34.377,198.83,99.94,0,0.075919124,0
1044,4.715,34.377,198.8,99.94,0,0.075266702,0
1045,4.709,34.377,198.77,99.94,0,0.074346891,0
1046,4.703,34.377,198.73,99.94,0,0.073427081,0
1047,4.697,34.377,198.7,99.94,0,0.07250727,0
1048,4.691,34.377,198.66,99.94,0,0.071565459,0
1049,4.686,34.377,198.63,99.94,0,0.070799999,0
1050,4.677,34.376,198.69,99.95,0,0.071573891,0
1051,4.664,34.376,198.62,99.95,0,0.070799999,0
1052,4.656,34.375,198.62,99.95,0,0.072443353,0
1053,4.652,34.375,198.59,99.93,0,0.080546704,0
1054,4.649,34.375,198.53,99.95,0,0.076957644,0
1055,4.644,34.376,198.49,99.95,0,0.076936567,0
1056,4.639,34.376,198.45,99.96,0,0.076136983,0
1057,4.635,34.376,198.41,99.96,0,0.075408798,0
1058,4.629,34.376,198.4,99.96,0,0.072658756,0
1059,4.624,34.376,198.38,99.96,0,0.070799999,0
1060,4.623,34.376,198.3,99.96,0,0.070799999,0
1061,4.622,34.376,198.22,99.97,0,0.070799999,0
1062,4.62,34.376,198.13,99.96,0,0.072277823,0
1063,4.614,34.377,198.17,99.96,0,0.076348198,0
1064,4.613,34.377,198.16,99.95,0,0.072846111,0
1065,4.609,34.377,198.04,99.96,0,0.070799999,0
1066,4.604,34.377,197.96,99.96,0,0.070799999,0
1067,4.601,34.378,197.89,99.96,0,0.071062987,0
1068,4.596,34.379,197.93,99.96,0,0.070799999,0
1069,4.593,34.379,197.64,99.96,0,0.071384605,0
1070,4.589,34.379,197.5,99.96,0,0.073344835,0
1071,4.585,34.38,197.36,99.97,0,0.075379634,0
1072,4.582,34.38,197.39,99.96,0,0.078651808,0
1073,4.578,34.38,197.32,99.96,0,0.07938829,0
1074,4.573,34.381,197.24,99.96,0,0.072899238,0
1075,4.561,34.382,197.1,99.96,0,0.070799999,0
1076,4.555,34.383,197,99.96,0,0.071186532,0
1077,4.55,34.383,196.83,99.95,0,0.071868571,0
1078,4.545,34.384,196.68,99.96,0,0.072580182,0
1079,4.54,34.384,196.54,99.96,0,0.072732757,0
1080,4.537,34.384,196.4,99.96,0,0.077076137,0
1081,4.532,34.384,196.45,99.96,0,0.090080372,0
1082,4.518,34.385,196.38,99.96,0,0.088937038,0
1083,4.516,34.385,196.22,99.96,0,0.08490373,0
1084,4.513,34.385,196.11,99.96,0,0.081280157,0
1085,4.511,34.386,196.03,99.96,0,0.078344726,0
1086,4.508,34.386,195.94,99.96,0,0.075409295,0
1087,4.506,34.386,195.84,99.96,0,0.072157978,0
1088,4.501,34.386,195.77,99.96,0,0.070799999,0
1089,4.491,34.387,195.67,99.96,0,0.077666077,0
1090,4.487,34.387,195.52,99.96,0,0.079546608,0
1091,4.483,34.387,195.31,99.96,0,0.07735652,0
1092,4.479,34.388,195.14,99.96,0,0.074225811,0
1093,4.466,34.388,195.08,99.95,0,0.076967539,0
1094,4.456,34.387,195.05,99.94,0,0.089551146,0
1095,4.448,34.387,194.94,99.95,0,0.082021036,0
1096,4.444,34.387,194.8,99.96,0,0.078199998,0
1097,4.441,34.387,194.6,99.96,0,0.079012122,0
1098,4.437,34.387,194.49,99.96,0,0.082040656,0
1099,4.434,34.387,194.38,99.96,0,0.086283439,0
1100,4.43,34.387,194.36,99.96,0,0.07642922,0
1101,4.426,34.387,194.4,99.96,0,0.071000395,0
1102,4.419,34.387,194.46,99.95,0,0.071166035,0
1103,4.409,34.387,194.49,99.96,0,0.071631052,0
1104,4.399,34.387,194.37,99.96,0,0.075518956,0
1105,4.395,34.388,194.32,99.96,0,0.079766615,0
1106,4.391,34.388,194.23,99.95,0,0.079121158,0
1107,4.385,34.388,194.26,99.96,0,0.078891544,0
1108,4.381,34.388,194.22,99.95,0,0.078297092,0
1109,4.377,34.388,194.18,99.95,0,0.077995418,0
1110,4.374,34.388,194.15,99.94,0,0.077693746,0
1111,4.37,34.388,194.11,99.94,0,0.077392072,0
1112,4.366,34.388,194.07,99.94,0,0.077222065,0
1113,4.362,34.388,194.08,99.94,0,0.07608718,0
1114,4.362,34.388,193.99,99.96,0,0.070799999,0
1115,4.362,34.388,193.87,99.96,0,0.070799999,0
1116,4.362,34.388,193.71,99.8,0,0.070799999,0
1117,4.36,34.388,193.74,99.88,0,0.07123584,0
1118,4.351,34.388,193.76,99.95,0,0.070970889,0
1119,4.344,34.388,193.73,99.95,0,0.071457175,0
1120,4.337,34.389,193.71,99.95,0,0.071863865,0
1121,4.329,34.389,193.69,99.95,0,0.072270555,0
1122,4.322,34.389,193.68,99.95,0,0.072677245,0
1123,4.314,34.389,193.66,99.96,0,0.07280757,0
1124,4.31,34.389,193.67,99.96,0,0.071207872,0
1125,4.303,34.389,193.73,99.96,0,0.079159771,0
1126,4.291,34.389,193.76,99.96,0,0.083111078,0
1127,4.281,34.389,193.67,99.96,0,0.089125362,0
1128,4.274,34.389,193.58,99.96,0,0.081451838,0
1129,4.271,34.389,193.52,99.96,0,0.076673075,0
1130,4.266,34.389,193.53,99.96,0,0.072071802,0
1131,4.258,34.39,193.52,99.96,0,0.07298518,0
1132,4.249,34.39,193.52,99.96,0,0.073083657,0
1133,4.241,34.39,193.51,99.96,0,0.073182134,0
1134,4.233,34.391,193.51,99.96,0,0.073695834,0
1135,4.224,34.391,193.52,99.96,0,0.072448447,0
1136,4.221,34.391,193.5,99.96,0,0.070799999,0
1137,4.22,34.391,193.4,99.96,0,0.082324424,0
1138,4.218,34.391,193.37,99.96,0,0.089995378,0
1139,4.215,34.391,193.3,99.95,0,0.083233026,0
1140,4.206,34.392,193.25,99.95,0,0.081165282,0
1141,4.197,34.392,193.2,99.95,0,0.078846043,0
1142,4.188,34.393,193.15,99.95,0,0.076526805,0
1143,4.18,34.393,193.1,99.96,0,0.074207567,0
1144,4.171,34.393,193.05,99.96,0,0.071776115,0
1145,4.169,34.394,193,99.96,0,0.070799999,0
1146,4.164,34.394,192.96,99.96,0,0.071187303,0
1147,4.162,34.396,192.72,99.96,0,0.070799999,0
1148,4.16,34.396,192.51,99.96,0,0.074895437,0
1149,4.155,34.395,192.27,99.96,0,0.077002117,0
1150,4.152,34.395,192.01,99.97,0,0.076229267,0
1151,4.149,34.394,191.8,99.96,0,0.076611965,0
1152,4.143,34.395,191.74,99.96,0,0.08048857,0
1153,4.134,34.394,191.73,99.96,0,0.076625248,0
1154,4.125,34.394,191.74,99.97,0,0.078537913,0
1155,4.129,34.396,191.54,99.97,0,0.078565571,0
1156,4.134,34.398,191.45,99.96,0,0.087236111,0
1157,4.132,34.399,191.5,99.96,0,0.071685209,0
1158,4.096,34.395,191.5,99.96,0,0.071096046,0
1159,4.093,34.396,191.21,99.96,0,0.079374591,0
1160,4.1,34.398,190.91,99.97,0,0.07850251,0
1161,4.103,34.401,190.79,99.97,0,0.078504225,0
1162,4.107,34.402,190.78,99.94,0,0.087172442,0
1163,4.111,34.402,190.64,99.97,0,0.079688381,0
1164,4.11,34.403,190.45,99.97,0,0.070807897,0
1165,4.098,34.402,190.29,99.97,0,0.070891892,0
1166,4.085,34.402,190.14,99.96,0,0.070989637,0
1167,4.072,34.401,189.98,99.96,0,0.070965296,0
1168,4.066,34.401,189.93,99.96,0,0.07312519,0
1169,4.061,34.401,189.89,99.97,0,0.079827668,0
1170,4.057,34.401,189.86,99.96,0,0.098566687,0
1171,4.055,34.401,189.83,99.97,0,0.090813834,0
1172,4.055,34.401,189.83,99.96,0,0.089097315,0
1173,4.051,34.401,189.8,99.95,0,0.073481045,0
1174,4.037,34.401,189.74,99.94,0,0.070799999,0
1175,4.034,34.402,189.74,99.96,0,0.077564105,0
1176,4.029,34.402,189.59,99.96,0,0.078642021,0
1177,4.025,34.402,189.61,99.96,0,0.077955379,0
1178,4.021,34.402,189.6,99.96,0,0.077128508,0
1179,4.016,34.403,189.59,99.96,0,0.076321154,0
1180,4.012,34.403,189.59,99.96,0,0.0755138,0
1181,4.008,34.404,189.58,99.96,0,0.074706445,0
1182,4.003,34.404,189.56,99.96,0,0.072881019,0
1183,3.999,34.404,189.58,99.96,0,0.075879277,0
1184,3.995,34.405,189.48,99.96,0,0.078199997,0
1185,3.993,34.405,189.35,99.96,0,0.078186971,0
1186,3.991,34.405,189.25,99.96,0,0.07818673,0
1187,3.989,34.405,189.13,99.96,0,0.078200276,0
1188,3.987,34.405,189.01,99.96,0,0.078213822,0
1189,3.985,34.405,188.89,99.96,0,0.078191136,0
1190,3.984,34.406,188.8,99.96,0,0.078249171,0
1191,3.983,34.406,188.71,99.96,0,0.078191115,0
1192,3.982,34.406,188.61,99.96,0,0.078303801,0
1193,3.982,34.406,188.54,99.96,0,0.078414647,0
1194,3.981,34.406,188.51,99.97,0,0.071314848,0
1195,3.979,34.406,188.42,99.97,0,0.070800066,0
1196,3.978,34.406,188.34,99.97,0,0.070499209,0
1197,3.977,34.406,188.28,99.96,0,0.079011475,0
1198,3.976,34.407,188.22,99.96,0,0.084313377,0
1199,3.974,34.407,188.25,99.97,0,0.078431133,0
1200,3.968,34.408,188.24,99.97,0,0.079571229,0
1201,3.959,34.408,188.21,99.98,0,0.078199997,0
1202,3.957,34.408,188.07,99.98,0,0.078462059,0
1203,3.955,34.408,187.95,99.97,0,0.077041424,0
1204,3.945,34.408,187.95,99.91,0,0.072165185,0
1205,3.939,34.408,187.83,99.96,0,0.079095895,0
1206,3.939,34.408,187.8,99.98,0,0.079003872,0
1207,3.94,34.409,187.75,99.98,0,0.07893991,0
1208,3.94,34.409,187.69,99.97,0,0.078804688,0
1209,3.94,34.409,187.68,99.98,0,0.078793016,0
1210,3.939,34.409,187.71,99.97,0,0.078199998,0
1211,3.936,34.41,187.66,99.97,0,0.078199998,0
1212,3.935,34.411,187.54,99.97,0,0.072497057,0
1213,3.933,34.411,187.56,99.96,0,0.072200528,0
1214,3.931,34.412,187.43,99.96,0,0.07917248,0
1215,3.923,34.412,187.4,99.94,0,0.081280709,0
1216,3.914,34.413,187.38,99.92,0,0.083355559,0
1217,3.906,34.414,187.35,99.9,0,0.085430408,0
1218,3.898,34.415,187.33,99.89,0,0.087505259,0
1219,3.889,34.416,187.29,99.84,0,0.090527268,0
1220,3.889,34.416,187.31,99.96,0,0.097526899,0
1221,3.888,34.418,187.23,99.96,0,0.090752433,0
1222,3.876,34.418,187.08,99.96,0,0.089190484,0
1223,3.869,34.418,186.82,99.96,0,0.086276273,0
1224,3.861,34.419,186.57,99.96,0,0.084215806,0
1225,3.853,34.419,186.32,99.96,0,0.082155338,0
1226,3.845,34.419,186.05,99.96,0,0.07990225,0
1227,3.84,34.42,185.89,99.96,0,0.078929159,0
1228,3.838,34.421,185.93,99.96,0,0.072722502,0
1229,3.835,34.422,185.83,99.96,0,0.078184989,0
1230,3.834,34.422,185.53,99.97,0,0.081533775,0
1231,3.833,34.423,185.19,99.97,0,0.073270358,0
1232,3.833,34.424,184.86,99.97,0,0.070931332,0
1233,3.833,34.424,184.66,99.97,0,0.067217673,0
1234,3.832,34.424,184.42,99.97,0,0.083275132,0
1235,3.825,34.425,184.33,99.98,0,0.072947591,0
1236,3.817,34.425,184.2,99.97,0,0.078024781,0
1237,3.811,34.425,184.09,99.97,0,0.078199998,0
1238,3.806,34.425,184.09,99.97,0,0.071031186,0
1239,3.801,34.425,183.9,99.96,0,0.075964912,0
1240,3.793,34.425,183.91,99.98,0,0.078199998,0
1241,3.785,34.425,183.81,99.98,0,0.07850442,0
1242,3.78,34.425,183.74,99.97,0,0.078906675,0
1243,3.765,34.426,183.66,99.97,0,0.073767915,0
1244,3.762,34.426,183.7,99.97,0,0.077595224,0
1245,3.757,34.427,183.74,99.97,0,0.076355529,0
1246,3.743,34.427,183.61,99.98,0,0.078520619,0
1247,3.737,34.427,183.67,99.98,0,0.083917014,0
1248,3.735,34.427,183.53,99.97,0,0.084494226,0
1249,3.732,34.427,183.49,99.98,0,0.087820977,0
1250,3.731,34.427,183.5,99.97,0,0.088506601,0
1251,3.73,34.427,183.53,99.96,0,0.078969979,0
1252,3.727,34.427,183.54,99.97,0,0.071820696,0
1253,3.718,34.427,183.45,99.97,0,0.078983353,0
1254,3.706,34.428,183.44,99.98,0,0.076105402,0
1255,3.701,34.428,183.34,99.97,0,0.080503215,0
1256,3.698,34.428,183.23,99.97,0,0.076071399,0
1257,3.695,34.428,183.1,99.96,0,0.070799999,0
1258,3.692,34.428,183.15,99.98,0,0.077587774,0
1259,3.691,34.428,183.18,99.97,0,0.079818146,0
1260,3.69,34.428,183.18,99.97,0,0.084931828,0
1261,3.685,34.429,183.02,99.97,0,0.084211721,0
1262,3.678,34.431,183.11,99.97,0,0.090784001,0
1263,3.663,34.432,183.11,99.97,0,0.078680661,0
1264,3.656,34.431,182.95,99.97,0,0.074931822,0
1265,3.649,34.431,182.83,99.96,0,0.074962688,0
1266,3.646,34.431,182.74,99.97,0,0.09319111,0
1267,3.641,34.432,182.59,99.96,0,0.078438164,0
1268,3.638,34.433,182.41,99.96,0,0.078199998,0
1269,3.636,34.434,182.43,99.98,0,0.077922062,0
1270,3.635,34.434,182.27,99.96,0,0.072101669,0
1271,3.634,34.435,182.13,99.97,0,0.081370161,0
1272,3.632,34.435,181.95,99.96,0,0.079011612,0
1273,3.629,34.435,181.81,99.97,0,0.078199997,0
1274,3.627,34.435,181.83,99.98,0,0.078666766,0
1275,3.626,34.435,181.68,99.97,0,0.080929034,0
1276,3.625,34.436,181.64,99.98,0,0.080404699,0
1277,3.625,34.436,181.45,99.98,0,0.076228966,0
1278,3.624,34.437,181.45,99.98,0,0.07845602,0
1279,3.622,34.437,181.3,99.97,0,0.091104392,0
1280,3.615,34.437,181.34,99.98,0,0.087791452,0
1281,3.602,34.437,181.38,99.98,0,0.078588223,0
1282,3.594,34.436,181.27,99.98,0,0.072239476,0
1283,3.591,34.436,181.23,99.98,0,0.078665559,0
1284,3.586,34.435,181.28,99.98,0,0.078156489,0
1285,3.578,34.435,181.43,99.98,0,0.077264742,0
1286,3.565,34.435,181.6,99.98,0,0.077005504,0
1287,3.554,34.435,181.77,99.98,0,0.077438732,0
1288,3.544,34.434,181.82,99.99,0,0.07755558,0
1289,3.541,34.434,181.66,99.98,0,0.071294163,0
1290,3.539,34.434,181.67,99.99,0,0.075691805,0
1291,3.534,34.434,181.72,99.97,0,0.07856639,0
1292,3.532,34.434,181.76,99.97,0,0.08208171,0
1293,3.525,34.434,181.82,99.97,0,0.086295762,0
1294,3.514,34.434,181.89,99.98,0,0.086778943,0
1295,3.51,34.434,181.93,99.98,0,0.079412997,0
1296,3.505,34.436,181.77,99.98,0,0.078492178,0
1297,3.502,34.436,181.79,99.99,0,0.077894308,0
1298,3.499,34.436,181.82,99.99,0,0.075035054,0
1299,3.493,34.438,181.66,99.98,0,0.084575305,0
1300,3.492,34.439,181.64,99.97,0,0.088051874,0
1301,3.488,34.439,181.59,99.97,0,0.083965143,0
1302,3.48,34.439,181.49,99.97,0,0.096131817,0
1303,3.475,34.439,181.3,99.98,0,0.076959763,0
1304,3.473,34.44,181.34,99.98,0,0.089265936,0
1305,3.471,34.44,181.25,99.96,0,0.085840836,0
1306,3.468,34.44,181.13,99.98,0,0.077364616,0
1307,3.468,34.44,180.94,99.99,0,0.083445531,0
1308,3.468,34.441,180.95,99.99,0,0.075487002,0
1309,3.467,34.441,180.88,99.98,0,0.078129091,0
1310,3.467,34.441,180.87,99.98,0,0.088357361,0
1311,3.466,34.441,180.83,99.98,0,0.085196471,0
1312,3.464,34.441,180.78,99.98,0,0.082170676,0
1313,3.463,34.442,180.73,99.98,0,0.078951914,0
1314,3.46,34.442,180.66,99.98,0,0.07924541,0
1315,3.455,34.442,180.58,99.99,0,0.072749774,0
1316,3.454,34.443,180.67,99.97,0,0.071012052,0
1317,3.452,34.443,180.55,99.96,0,0.087084246,0
1318,3.442,34.443,180.53,99.94,0,0.087609532,0
1319,3.439,34.443,180.35,99.99,0,0.088849072,0
1320,3.438,34.443,180.29,99.98,0,0.087347166,0
1321,3.433,34.444,180.26,99.98,0,0.08749146,0
1322,3.426,34.444,180.3,99.98,0,0.087412178,0
1323,3.423,34.444,180.28,99.97,0,0.085175433,0
1324,3.421,34.445,180.28,99.98,0,0.078811822,0
1325,3.416,34.445,180.2,99.98,0,0.080898456,0
1326,3.406,34.444,180.14,99.97,0,0.0808478,0
1327,3.395,34.444,180.13,99.98,0,0.097537047,0
1328,3.392,34.445,180.08,99.97,0,0.079212387,0
1329,3.39,34.445,180.05,99.99,0,0.086900093,0
1330,3.385,34.445,180.1,99.99,0,0.087464116,0
1331,3.378,34.445,180.1,99.99,0,0.074555466,0
1332,3.371,34.445,180.15,99.98,0,0.079057496,0
1333,3.368,34.445,180.03,99.98,0,0.078764413,0
1334,3.364,34.446,180.05,99.98,0,0.078752744,0
1335,3.359,34.449,180.09,99.99,0,0.078199998,0
1336,3.348,34.448,180.14,99.99,0,0.085717874,0
1337,3.346,34.447,179.92,99.99,0,0.076024429,0
1338,3.344,34.447,179.95,99.99,0,0.07134809,0
1339,3.339,34.449,179.85,99.99,0,0.078059117,0
1340,3.337,34.45,179.82,99.99,0,0.081766275,0
1341,3.332,34.45,179.83,99.99,0,0.076448568,0
1342,3.327,34.449,179.7,99.99,0,0.079094839,0
1343,3.324,34.449,179.69,99.99,0,0.088047047,0
1344,3.323,34.45,179.62,99.99,0,0.087569029,0
1345,3.321,34.45,179.5,99.99,0,0.079050666,0
1346,3.32,34.45,179.53,99.99,0,0.07911083,0
1347,3.319,34.45,179.59,99.99,0,0.084723896,0
1348,3.315,34.451,179.48,99.99,0,0.08942204,0
1349,3.308,34.452,179.41,99.99,0,0.087810866,0
1350,3.302,34.453,179.45,99.99,0,0.071253738,0
1351,3.3,34.453,179.32,99.99,0,0.07790496,0
1352,3.298,34.453,179.24,99.98,0,0.076229762,0
1353,3.296,34.454,179.18,99.98,0,0.074819423,0
1354,3.291,34.454,179.09,99.99,0,0.07558492,0
1355,3.283,34.453,179.14,99.99,0,0.076221697,0
1356,3.282,34.454,178.98,99.99,0,0.074981728,0
1357,3.282,34.455,178.92,99.99,0,0.087484826,0
1358,3.28,34.456,178.88,99.98,0,0.070799999,0
1359,3.279,34.456,178.78,99.99,0,0.088547533,0
1360,3.277,34.456,178.8,99.99,0,0.080722495,0
1361,3.277,34.456,178.63,99.99,0,0.079043481,0
1362,3.276,34.456,178.59,99.99,0,0.088516626,0
1363,3.274,34.456,178.53,99.99,0,0.089263569,0
1364,3.272,34.456,178.47,99.99,0,0.090312346,0
1365,3.267,34.457,178.59,99.98,0,0.072661847,0
1366,3.264,34.457,178.44,99.99,0,0.070799999,0
1367,3.262,34.458,178.5,99.99,0,0.07788752,0
1368,3.259,34.459,178.29,99.99,0,0.071860675,0
1369,3.256,34.459,178.32,99.99,0,0.078169066,0
1370,3.252,34.46,178.24,99.99,0,0.078709944,0
1371,3.248,34.46,178.2,99.99,0,0.079058639,0
1372,3.247,34.46,178.15,99.99,0,0.087513697,0
1373,3.245,34.461,177.99,99.97,0,0.097867906,0
1374,3.244,34.461,178,99.99,0,0.083535375,0
1375,3.239,34.46,177.91,99.99,0,0.081876813,0
1376,3.236,34.461,177.83,99.99,0,0.078347572,0
1377,3.236,34.461,177.86,99.99,0,0.071085624,0
1378,3.233,34.462,177.87,99.99,0,0.070799999,0
1379,3.233,34.462,177.78,99.99,0,0.071894503,0
1380,3.233,34.462,177.71,99.99,0,0.082486879,0
1381,3.232,34.462,177.71,99.99,0,0.083508637,0
1382,3.229,34.462,177.79,99.99,0,0.086380324,0
1383,3.229,34.462,177.78,99.99,0,0.077124166,0
1384,3.224,34.462,177.78,99.98,0,0.070718112,0
1385,3.22,34.463,177.65,99.99,0,0.0855759,0
1386,3.219,34.464,177.65,99.99,0,0.080449785,0
1387,3.217,34.464,177.67,99.99,0,0.087643348,0
1388,3.213,34.464,177.74,99.98,0,0.083928935,0
1389,3.209,34.465,177.68,99.98,0,0.07383923,0
1390,3.208,34.465,177.6,99.99,0,0.078965356,0
1391,3.203,34.466,177.58,99.99,0,0.084839106,0
1392,3.198,34.468,177.49,99.99,0,0.097107282,0
1393,3.197,34.468,177.41,99.99,0,0.091181106,0
1394,3.196,34.469,177.4,99.99,0,0.088755313,0
1395,3.196,34.469,177.2,99.99,0,0.074890851,0
1396,3.196,34.469,177.14,99.99,0,0.087224211,0
1397,3.196,34.469,176.97,99.99,0,0.083077341,0
1398,3.193,34.471,176.9,99.99,0,0.089568791,0
1399,3.191,34.471,176.79,99.99,0,0.087228738,0
1400,3.19,34.472,176.81,99.99,0,0.088172195,0
1401,3.19,34.472,176.66,99.99,0,0.080754359,0
1402,3.189,34.472,176.58,99.99,0,0.086644173,0
1403,3.189,34.472,176.58,99.99,0,0.072884586,0
1404,3.189,34.472,176.37,99.99,0,0.071984161,0
1405,3.189,34.472,176.29,99.99,0,0.081723094,0
1406,3.189,34.472,176.26,99.99,0,0.086527102,0
1407,3.189,34.472,176.19,99.99,0,0.101664551,0
1408,3.186,34.473,176.25,99.99,0,0.09462541,0
1409,3.175,34.474,176.28,99.99,0,0.101180911,0
1410,3.171,34.474,176.13,99.99,0,0.079141218,0
1411,3.17,34.476,176.11,99.99,0,0.082444502,0
1412,3.168,34.477,176.05,99.99,0,0.084299439,0
1413,3.168,34.477,176.04,99.98,0,0.074076136,0
1414,3.167,34.478,175.95,99.98,0,0.085548786,0
1415,3.163,34.478,175.81,99.99,0,0.075090376,0
1416,3.162,34.478,175.75,99.99,0,0.081453768,0
1417,3.158,34.478,175.58,99.99,0,0.087638784,0
1418,3.153,34.479,175.6,99.99,0,0.083117583,0
1419,3.149,34.479,175.62,99.99,0,0.071120365,0
1420,3.146,34.479,175.53,99.99,0,0.071063642,0
1421,3.145,34.479,175.47,99.99,0,0.087240756,0
1422,3.145,34.479,175.45,99.99,0,0.087161708,0
1423,3.144,34.479,175.49,99.99,0,0.086467774,0
1424,3.143,34.479,175.53,99.99,0,0.073429984,0
1425,3.139,34.479,175.48,99.99,0,0.076146055,0
1426,3.131,34.479,175.43,99.99,0,0.078457265,0
1427,3.13,34.479,175.41,99.99,0,0.078377598,0
1428,3.132,34.48,175.46,99.99,0,0.076395753,0
1429,3.131,34.48,175.53,99.99,0,0.074739361,0
1430,3.128,34.481,175.54,99.99,0,0.074038343,0
1431,3.129,34.482,175.51,99.99,0,0.070807599,0
1432,3.128,34.482,175.53,99.99,0,0.080203325,0
1433,3.127,34.482,175.36,99.99,0,0.093906475,0
1434,3.124,34.482,175.28,99.99,0,0.076679304,0
1435,3.113,34.481,175.16,99.99,0,0.08610196,0
1436,3.109,34.481,175.21,99.99,0,0.070799999,0
1437,3.105,34.482,175.29,99.99,0,0.07579304,0
1438,3.1,34.483,175.29,99.99,0,0.087426406,0
1439,3.098,34.483,175.36,99.99,0,0.07756354,0
1440,3.095,34.484,175.47,99.99,0,0.084930262,0
1441,3.094,34.484,175.39,99.99,0,0.088412163,0
1442,3.096,34.484,175.39,99.99,0,0.078888847,0
1443,3.094,34.485,175.26,99.99,0,0.07836567,0
1444,3.087,34.486,175.24,99.99,0,0.078518295,0
1445,3.084,34.487,175.2,99.99,0,0.075459207,0
1446,3.079,34.488,175.15,99.99,0,0.075143033,0
1447,3.077,34.489,175.11,99.99,0,0.087448199,0
1448,3.08,34.49,175.03,99.99,0,0.079049877,0
1449,3.082,34.49,174.87,99.99,0,0.087937865,0
1450,3.08,34.491,174.85,99.99,0,0.082668978,0
1451,3.077,34.491,174.7,99.97,0,0.087451715,0
1452,3.074,34.491,174.69,99.98,0,0.079029983,0
1453,3.069,34.492,174.55,99.99,0,0.087843275,0
1454,3.061,34.492,174.53,99.99,0,0.085820848,0
1455,3.055,34.493,174.36,99.99,0,0.078655876,0
1456,3.054,34.493,174.36,99.99,0,0.092433337,0
1457,3.054,34.494,174.32,99.99,0,0.078072563,0
1458,3.054,34.494,174.37,99.99,0,0.076504713,0
1459,3.054,34.494,174.35,99.99,0,0.078233106,0
1460,3.054,34.495,174.28,99.99,0,0.075696797,0
1461,3.054,34.496,174.24,99.99,0,0.085770522,0
1462,3.054,34.496,174.24,99.99,0,0.079168549,0
1463,3.054,34.496,174.24,99.99,0,0.081021036,0
1464,3.055,34.496,174.1,99.99,0,0.081832591,0
1465,3.054,34.496,174.05,99.99,0,0.070799999,0
1466,3.049,34.496,174,99.99,0,0.076209389,0
1467,3.045,34.497,173.88,99.99,0,0.088689202,0
1468,3.043,34.498,173.99,99.99,0,0.08659734,0
1469,3.042,34.499,173.8,99.99,0,0.078749073,0
1470,3.042,34.499,173.75,99.99,0,0.078461354,0
1471,3.04,34.5,173.73,99.99,0,0.079304106,0
1472,3.038,34.5,173.74,99.99,0,0.078480633,0
1473,3.038,34.5,173.61,99.99,0,0.078483784,0
1474,3.038,34.5,173.55,99.99,0,0.072287271,0
1475,3.036,34.5,173.58,99.99,0,0.077584175,0
1476,3.03,34.501,173.57,99.99,0,0.07898284,0
1477,3.025,34.502,173.45,99.99,0,0.078971119,0
1478,3.024,34.502,173.45,99.99,0,0.081516388,0
1479,3.023,34.502,173.38,99.99,0,0.079071237,0
1480,3.021,34.502,173.26,99.99,0,0.076829502,0
1481,3.019,34.502,173.43,99.99,0,0.084030603,0
1482,3.018,34.502,173.27,99.99,0,0.076076473,0
1483,3.018,34.503,173.33,99.99,0,0.087192614,0
1484,3.017,34.503,173.36,99.99,0,0.070974989,0
1485,3.016,34.503,173.39,99.99,0,0.070799999,0
1486,3.014,34.504,173.42,99.99,0,0.077280404,0
1487,3.01,34.505,173.38,99.99,0,0.084090623,0
1488,3.006,34.506,173.24,99.99,0,0.078199997,0
1489,3.006,34.506,173.18,99.99,0,0.079356491,0
1490,3.006,34.506,173.09,99.99,0,0.085770177,0
1491,3.005,34.506,173.08,99.99,0,0.078659258,0
1492,3.005,34.507,173.08,99.99,0,0.085908819,0
1493,3.005,34.507,172.91,99.99,0,0.077503168,0
1494,3.003,34.508,172.87,99.99,0,0.07444528,0
1495,2.999,34.509,172.91,99.99,0,0.09230536,0
1496,2.998,34.51,172.93,99.99,0,0.081803436,0
1497,2.998,34.51,172.81,99.99,0,0.085801374,0
1498,2.998,34.51,172.72,99.99,0,0.086576673,0
1499,2.998,34.51,172.61,99.99,0,0.095097976,0
1500,2.998,34.511,172.5,99.99,0,0.082065613,0
